dataset,site_name,site_id,X,Y,ESA CCI,Chopping et al.,GEDI L4B,Liu et al.,LT-GNN,Menlove & Healey,Xu et al.,cluster
NEON,Harvard Forest,HARV,-72.17265999999995,42.53690000000006,,,164.08071920201135,37.92121124267578,,114.92280578613284,,8.0
NEON,Smithsonian Conservation Biology Institute,SCBI,-78.13949999999994,38.89292000000006,,,334.2797546386719,115.21283721923828,,106.78276824951168,,0.0
NEON,Ordway-Swisher Biological Station,OSBS,-81.99342999999999,29.68927000000008,,,63.37915526990175,69.8902869866861,,42.73400115966798,,6.0
NEON,UNDERC,UNDE,-89.53724999999997,46.23388000000006,,,155.06964287223695,139.33177185058594,,91.69925689697256,,18.0
NEON,Konza Prairie Biological Station,KONZ,-96.56309,39.10077000000007,,,7.4775508168800116,10.838811874389648,,10.13510704040527,,4.0
NEON,Oak Ridge,ORNL,-84.28259999999995,35.96412000000004,,,162.48270185368082,91.84534454345705,,115.7058900837456,,16.0
NEON,Talladega National Forest,TALL,-87.39326999999997,32.95046000000008,,,228.3554913688354,85.78457641601561,,125.90326690673824,,1.0
NEON,Woodworth,WOOD,-99.24135599999994,47.12822800000004,,,4.161301533816176,9.719982071400445,,0.0,,17.0
NEON,Central Plains Experimental Range,CPER,-104.745602469,40.81553413400008,,0.0,1.2686890065322318,9.621728304071985,,0.0,0.0,17.0
NEON,LBJ National Grassland,CLBJ,-97.56999999999994,33.40123000000006,,,17.868777801463494,11.764260292053224,,3.6895515918731703,,4.0
NEON,Yellowstone Northern Range (Frog Rock),YELL,-110.53914,44.95348000000007,7.984610350218362,,37.20221154716159,59.85466003417969,,36.56377029418943,79.86768341064453,20.0
NEON,Niwot Ridge Mountain Research Station,NIWO,-105.58237,40.05425000000003,,7.325276756761507,18.36632388367807,76.3296890258789,,76.99402618408205,108.78213500976562,3.0
NEON,Santa Rita Experimental Range,SRER,-110.83549,31.91068000000007,0.0,0.0,1.5765244662432194,11.92995548248291,0.1787477273160833,1.5605182647705091,12.60093879699707,17.0
NEON,Onaqui,ONAQ,-112.45244,40.17759000000007,0.0,0.0,1.5952767515412851,9.84560489654541,,7.78439426422119,8.735177040100098,17.0
NEON,Wind River Experimental Forest,WREF,-121.951912,45.82048800000007,244.42905363742184,,357.71412590536136,194.78326416015625,,320.59512329101574,819.6820678710938,19.0
NEON,San Joaquin,SJER,-119.73228,37.10878000000002,1.6218796749661994,12.91192250855492,28.62540995412152,27.24946594238281,28.97867056642402,6.710339065870314,66.29370653246828,15.0
Ameriflux,ARM-SGP Medford hay pasture,US-A32,-97.8198,36.8193,,,1.5125311333228766,9.241511344909668,,0.049303114414215,,17.0
Ameriflux,ARM-SGP-Morrison,US-A39,-96.069,36.3776,,,58.81318761359901,11.235669136047363,,16.385580901893892,,5.0
Ameriflux,ARM SGP milo field,US-A74,-97.5489,36.8085,,,1.844797739198304,9.952825546264648,,0.7866505980491632,,17.0
Ameriflux,Arkansas Grassland,US-AaG,-91.6282,33.1105,,,34.45238378430261,70.45883178710938,,23.470457077026364,,6.0
Ameriflux,Acton Lake Flux Tower Site,US-Act,-84.755,39.582,,,130.83259406696254,16.741094865114533,,28.85890197568609,,7.0
Ameriflux,Amargosa Desert Research Site (ADRS),US-ADR,-116.6933,36.7653,0.0,0.0,0.0156573452260686,8.858436584472656,0.0,0.0,2.35007744234559,17.0
Ameriflux,MPG - Apricot Lane Farms,US-AF1,-118.9244,34.3108,6.1133705767343685,2.9805592163766943,25.413224114064445,16.068876266479492,38.27850288108922,0.0,57.35739135742188,15.0
Ameriflux,Savannah River Site,US-Akn,-81.5653,33.3825,,,130.94284057617188,49.52075958251953,,129.59916645325686,,8.0
Ameriflux,Allequash Creek Site,US-ALQ,-89.6067,46.0308,,,122.05219606799868,139.33177185058594,,59.995025634765646,,18.0
Ameriflux,Argonne Testbed for Multiscale Observational Science (ATMOS),US-AMS,-87.9963,41.7018,,,66.46163309933095,48.45542396854878,,15.054048543236954,,5.0
Ameriflux,Low Density Apple Orchard,US-AoL,-85.7648,43.2513,,,50.77234176381435,47.64736246010457,,77.04673799958326,,7.0
Ameriflux,ARM USDA UNL OSU Woodward Switchgrass 1,US-AR1,-99.42,36.4267,,0.574486194209488,4.391789575366253,11.363643646240234,,0.0,,17.0
Ameriflux,ARM USDA UNL OSU Woodward Switchgrass 2,US-AR2,-99.5975,36.6358,,0.0,3.992512897600917,10.82253360748291,,1.5844595160101755,,17.0
Ameriflux,ARM Southern Great Plains burn site- Lamont,US-ARb,-98.0402,35.5497,,,2.504121439612042,10.082136154174805,,3.2476708889007586,,17.0
Ameriflux,ARM Southern Great Plains control site- Lamont,US-ARc,-98.04,35.5465,,,2.3917433204697307,10.082136154174805,,3.246173512117066,,17.0
Ameriflux,ARM Southern Great Plains site- Lamont,US-ARM,-97.4888,36.6058,,,1.7270547478739997,10.06735347431817,,0.7866505980491638,,17.0
Ameriflux,USSL San Joaquin Valley Almond High Salinity,US-ASH,-120.201,36.1697,12.410898002068269,0.3404599910695453,10.832120640385316,20.50665664672852,14.846988566617332,0.0,3.743101442697547,4.0
Ameriflux,USSL San Joaquin Valley Almond Low Salinity,US-ASL,-120.1024,36.9466,0.4365597322568594,0.259769451119015,3.813759110796599,18.284780502319336,1.0596516618163316,0.0,17.71551386570074,17.0
Ameriflux,USSL San Joaquin Valley Almond Medium Salinity,US-ASM,-120.2026,36.1777,10.094355396587812,0.1311653005686824,10.563396059246983,20.50665664672852,14.78150331461064,0.0,2.987169276199632,4.0
Ameriflux,Audubon Research Ranch,US-Aud,-110.5104,31.5907,0.0026120686028798,0.2325263280633322,3.737837236801375,18.604071367431708,9.426646236327812,5.682248592376708,24.773749114812176,17.0
Ameriflux,Bartlett Experimental Forest,US-Bar,-71.2881,44.0646,,,183.5124225972304,97.69615173339842,,151.9769744873047,,1.0
Ameriflux,Blue Cypress Marsh,US-BCM,-80.7114,27.6953,,,11.48713563429492,37.72457885742188,,1.0196605920791622,,11.0
Ameriflux,Burdette Farm Rice Field - 4N,US-Bd4,-89.9862,35.8139,,,13.425038811907008,9.45223903656006,,11.086597442626957,,4.0
Ameriflux,Burdette Farm Rice Field - Seagraves South,US-Bd5,-90.0194,35.8105,,,12.651954820768728,47.35218811035156,,11.086597442626957,,11.0
Ameriflux,Burdette Farm Rice - Seagraves North,US-Bd6,-90.0194,35.814,,,12.1419024867588,47.35218811035156,,11.086597442626951,,11.0
Ameriflux,Burdette Farm Rice Field - AWD,US-BdA,-90.0327,35.8089,,,11.496728060643209,47.35218811035156,,11.086597442626958,,11.0
Ameriflux,Burdette Farm Rice Field - conventional,US-BdC,-90.0284,35.8089,,,11.67337946928838,47.35218811035156,,11.086597442626951,,11.0
Ameriflux,Big Chico Creek,US-BgC,-121.8135,39.8125,0.5690636204324089,0.2646296277166404,23.419045725615455,11.795332908630373,5.986332726422146,100.68688417216303,98.43888854980467,15.0
Ameriflux,Bouldin Island Alfalfa,US-Bi1,-121.4993,38.0992,0.8822480812877898,0.0483586677094324,3.319234930838251,12.44438330910882,4.36470448110822,0.0,25.74139635202284,17.0
Ameriflux,Bouldin Island corn,US-Bi2,-121.5351,38.1091,0.5021347946289223,0.0,2.700221729730369,12.504311561584473,1.513060153545499,0.0,3.369460320181263,17.0
Ameriflux,Brookings,US-Bkg,-96.8362,44.3453,,,5.383610052387863,10.414169311523438,,0.0,,17.0
Ameriflux,Black Hills,US-Blk,-103.65,44.158,,,37.02771222852685,90.39855194091795,,60.37462791640819,58.67629623413087,3.0
Ameriflux,Blodgett Forest,US-Blo,-120.6328,38.8953,232.22974699777384,132.04907004354308,131.5174945704854,56.27831268310546,212.74312169896305,191.84816044251843,345.3463219758746,22.0
Ameriflux,Bangtail Mountain Meadow,US-BMM,-110.7776,45.783,25.12122605067005,,43.35117443801112,95.32366180419922,,43.76169586181641,64.60357666015625,20.0
Ameriflux,Bondville,US-Bo1,-88.2904,40.0062,,,3.410536198146013,10.644199495562328,,0.0,,17.0
Ameriflux,Bondville (companion site),US-Bo2,-88.29,40.009,,,3.3860211492410066,10.634089871832025,,0.0,,17.0
Ameriflux,Brooks Field Site 10- Ames,US-Br1,-93.6906,41.9749,,,1.6542833247521092,11.291038513183594,,16.19391059875488,,4.0
Ameriflux,Brooks Field Site 1011- Ames,US-Br2,-93.6925,41.9757,,,1.7326475112208592,11.291038513183594,,16.193910598754886,,4.0
Ameriflux,Brooks Field Site 11- Ames,US-Br3,-93.6936,41.9747,,,1.813184695554424,11.291038513183594,,16.193910598754876,,4.0
Ameriflux,Bayles Road Grassland Tower,US-BRG,-86.5406,39.2167,,,103.18557119190864,51.23646545410156,,118.234375,,7.0
Ameriflux,Burns Sagebrush,US-Bsg,-119.6909,43.4712,0.0,0.0,1.3466478513763758,9.49027156829834,,0.0,0.6907772205183635,17.0
Ameriflux,Barnstable Great Marsh,US-BSM,-70.3644,41.7297,,,68.45136251459388,92.08142852783205,,12.850929128718636,,6.0
Ameriflux,INFLUX - NIST Turfgrass Site,US-BWa,-77.2175,39.1389,,,41.60210289686067,92.21760559082033,,67.42100022289651,,3.0
Ameriflux,INFLUX - Montgomery County pasture site,US-BWb,-77.4509,39.1955,,,58.37662757745444,33.820919036865234,,71.68158721923827,,7.0
Ameriflux,Canaan Valley,US-CaV,-79.4208,39.0633,,,83.37325813166882,188.1053466796875,,114.98886871337892,,18.0
Ameriflux,Coloma Corn 1,US-CC1,-89.6787,44.0732,,,42.86880874633789,34.745628356933594,,57.65976017879416,,5.0
Ameriflux,Coloma Corn 2,US-CC2,-89.6196,44.1039,,,49.59022248497964,34.745628356933594,,19.64471244812012,,5.0
Ameriflux,Cedar Mesa,US-CdM,-109.7471,37.5241,0.0041809741681235,6.952002076533125,7.028342816472344,12.298438027023357,14.368285912890125,25.158084869384783,24.53216552734375,4.0
Ameriflux,Cedar Bridge,US-Ced,-74.3791,39.8379,,,71.69907538131129,89.38007354736328,,37.53961563110352,,6.0
Ameriflux,CAF-LTAR Cook East,US-CF1,-117.0821,46.7815,0.1421630119650195,,3.218985415175049,11.944751739501951,,0.0,18.75931930541992,17.0
Ameriflux,CAF-LTAR Cook West,US-CF2,-117.0908,46.784,0.0498445949915676,,3.364814995724988,11.944751739501951,,0.0,19.610502754118308,17.0
Ameriflux,CAF-LTAR Boyd North,US-CF3,-117.1261,46.7551,0.0453508114909144,,3.949723124503169,11.901940125558951,,0.0,27.57101249694825,17.0
Ameriflux,CAF-LTAR Boyd South,US-CF4,-117.1285,46.7518,0.1483828955428997,,4.702201579360296,11.84537167012602,,0.0,27.57101249694825,17.0
Ameriflux,Concord Grazed Grassland,US-CGG,-121.9761,37.938,3.1251874799069297,0.6868039880566087,10.340817448046645,12.299274444580076,12.211271379565256,5.466663876066327,50.64766693115234,17.0
Ameriflux,Chestnut Ridge,US-ChR,-84.3324,35.9311,,,195.3016435636245,91.84534454345705,,120.57734680175788,,1.0
Ameriflux,Cole Farm,US-CLF,-77.9424,40.6366,,,406.989111318168,68.92650604248047,,94.84812558983116,,0.0
Ameriflux,Charleston Mesquite Woodland,US-CMW,-110.1777,31.6637,0.4084477930734871,0.0093674393736527,15.780191590133148,15.77459716796875,28.28973351357186,1.0219408273696895,10.44324016571045,4.0
Ameriflux,Corral Pocket,US-Cop,-109.39,38.09,0.153992934396295,0.5882527671143345,3.3961915592751133,9.836682319641112,2.282635875279781,8.661753654479975,5.214308537370964,17.0
Ameriflux,Chimney Park,US-CPk,-106.1187,41.068,,90.91961285172124,29.91511891498397,31.62019157409668,,67.41014099121092,78.44928741455078,7.0
Ameriflux,Davy Crockett National Forest,US-CRK,-95.3415,31.4629,,,163.93907159068755,97.34304809570312,,67.37595367431639,,16.0
Ameriflux,Curtice Walter-Berger cropland,US-CRT,-83.3471,41.6285,,,16.20322484332472,11.07299518585205,,0.0,,4.0
Ameriflux,Central Sands Irrigated Agricultural Field,US-CS1,-89.5379,44.1031,,,25.888461087925908,34.745628356933594,,19.64471244812012,,11.0
Ameriflux,Tri county school Pine Forest,US-CS2,-89.5002,44.1467,,,71.10293977073715,36.08992141684504,,19.644712448120107,,5.0
Ameriflux,Central Sands Irrigated Agricultural Field,US-CS3,-89.5727,44.1394,,,15.862073569242254,34.745628356933594,,19.644712448120124,,11.0
Ameriflux,Central Sands Irrigated Agricultural Field,US-CS4,-89.5475,44.1597,,,21.521470991622174,34.745628356933594,,19.64471244812011,,11.0
Ameriflux,Central Sands Irrigated Agricultural Field,US-CS5,-89.5377,44.1095,,,25.089440305910536,34.745628356933594,,19.64471244812012,,11.0
Ameriflux,Central Sands Irrigated Agricultural Field,US-CS6,-89.544,44.4297,,,23.805311728798348,34.309207916259766,,31.035287857055675,,11.0
Ameriflux,Central Sands Forest,US-CS7,-89.5443,44.4375,,,34.85656987219389,34.309207916259766,,31.035287857055675,,5.0
Ameriflux,Central Sands Irrigated Agricultural Field,US-CS8,-89.5364,44.4338,,,30.721275316599414,34.309207916259766,,31.03528785705568,,5.0
Ameriflux,Crossett Experimental Forest,US-Cst,-91.9204,33.0442,,,124.2716920913574,39.34800720214844,,77.36464691162111,,7.0
Ameriflux,Cottonwood,US-Ctn,-101.8466,43.95,,,3.576449022275244,11.554893493652344,,0.0,0.2612605392932892,17.0
Ameriflux,Coweeta Grassland,US-CwG,-83.3951,34.9682,,,135.32836862928457,126.64522552490232,,159.74365234375009,,1.0
Ameriflux,Coweeta,US-Cwt,-83.4275,35.0592,,,210.1076838140671,167.30657958984375,,159.74365234374997,,1.0
Ameriflux,"Central Plains Experimental Range 1, Nunn, Colorado",US-CX1,-104.76,40.833,,0.0,1.4710560676328728,9.848169332017706,,0.0,0.0,17.0
Ameriflux,"Central Plains Experimental Range 2, Nunn, Colorado",US-CX2,-104.7672,40.8402,,0.0,1.4763229572069396,9.8610200881958,,0.0,0.0,17.0
Ameriflux,"Sierra Critical Zone, Sierra Transect, Oak/Pine Woodland, San Joaquin Experimental Range",US-CZ1,-119.7313,37.1088,1.5635213765154177,12.985421346861918,28.64451671179471,27.24946594238281,28.31580759824572,6.655342119909522,66.30617684726036,15.0
Ameriflux,"Sierra Critical Zone, Sierra Transect, Ponderosa Pine Forest, Soaproot Saddle",US-CZ2,-119.2566,37.0311,175.43043751734675,191.68976531730263,53.705762722015166,39.54508806656295,178.8920413731961,178.01660156250003,301.6092834472656,22.0
Ameriflux,"Sierra Critical Zone, Sierra Transect, Sierran Mixed Conifer, P301",US-CZ3,-119.1951,37.0674,175.40635522131964,214.00107349000243,134.5929148710885,40.47774887084961,245.30458689614423,178.01660156250006,295.8236284299763,23.0
Ameriflux,"Sierra Critical Zone, Sierra Transect, Subalpine Forest, Shorthair",US-CZ4,-118.9867,37.0675,75.30203894887211,285.37207763857856,74.98024210248117,39.12983322143555,181.69290844070656,146.29292297363267,169.82998657226562,23.0
Ameriflux,Berkeley Way West,US-DBk,-122.2684,37.8736,5.934078490729098,13.712789420124633,7.601687178160565,,24.02384714605462,21.60715675354005,0.0,4.0
Ameriflux,Dwarf Cypress Swamp,US-DCS,-80.9078,25.7626,,,24.11020159834221,13.796663284301758,,22.513526916503924,,4.0
Ameriflux,California UC ANR Desert Research and Extension Center Alfalfa,US-Dea,-115.4423,32.8136,0.0201369156538243,0.0,1.7156362822297226,11.294845581054688,2.656790711081737,0.0,11.866992950439451,17.0
Ameriflux,California UC ANR Desert Research and Extension Center Urban Farm Tower,US-Deu,-115.4456,32.8056,0.0824757921008589,0.0,1.6203663916742297,11.294845581054688,2.8894997934599047,0.0,12.471339948259226,17.0
Ameriflux,"US Dairy Forage Research Center, Prairie du Sac",US-DFC,-89.7117,43.3448,,,29.49960643910473,35.06119537353516,,17.99311637878417,,11.0
Ameriflux,Dairy Forage Research Center - Kernza,US-DFK,-89.7154,43.3453,,,28.414795026396924,35.06119537353516,,17.993116378784183,,11.0
Ameriflux,Diablo,US-Dia,-121.5296,37.6773,0.0,0.0,4.943073987864199,17.963218688964844,0.2290679810368407,5.460383313597831,28.086708068847656,17.0
Ameriflux,Fort Dix,US-Dix,-74.4346,39.9712,,,72.03638843676363,89.38007354736328,,73.0812759399414,,3.0
Ameriflux,Duke Forest-open field,US-Dk1,-79.0934,35.9712,,,208.77357715781372,47.67133712768555,,74.70080566406253,,8.0
Ameriflux,Duke Forest-hardwoods,US-Dk2,-79.1004,35.9736,,,231.06533365552343,47.67133712768555,,74.70080566406251,,8.0
Ameriflux,Duke Forest - loblolly pine,US-Dk3,-79.0942,35.9782,,,219.8998812707989,47.67133712768555,,74.70080566406251,,8.0
Ameriflux,Dutch Slough Marsh Gilbert Tract,US-Dmg,-121.6691,38.0015,0.1402713443299847,0.0192960330967685,3.734083956866585,12.78257313762465,6.76424124036016,5.436649322509767,9.1735678604115,17.0
Ameriflux,Disney Wilderness Preserve Pine Flatwoods,US-DPP,-81.419,28.1046,,,29.85749304968613,16.484647750854492,,34.6896743774414,,5.0
Ameriflux,Disney Wilderness Preserve Wetland,US-DPW,-81.4361,28.0521,,,33.88655838590958,16.484647750854492,,34.68967437744142,,5.0
Ameriflux,Staten Corn 1,US-DS1,-121.539,38.1335,0.0072292658377646,0.0,1.569077291376366,12.50431156158447,0.5823983669324819,0.0,3.368778705596924,17.0
Ameriflux,Staten Corn 2,US-DS2,-121.514,38.1375,0.9236919345883652,0.0,1.5515604424626253,12.50431156158447,1.9724263448692727,0.0,3.368778705596924,17.0
Ameriflux,Staten Rice 1,US-DS3,-121.549,38.1235,0.0,0.0,2.0507024582373066,12.504311561584473,2.365130367851197,0.0,3.368778705596924,17.0
Ameriflux,EAA Field Research Park Woodland,US-EA4,-98.3816,29.6633,,,35.10267499546032,26.59292793273926,,9.722003019008584,,11.0
Ameriflux,Uvalde Ranch Mesquite Woodland,US-EA5,-99.9576,29.3584,,,9.961391537482683,28.22995376586914,,12.08347129821778,,11.0
Ameriflux,Camp Wood Shield Ranch Oak Savannah,US-EA6,-99.9588,29.6561,,,23.58479864806756,39.77896118164063,,16.63487572777367,,11.0
Ameriflux,Eden Landing Ecological Reserve,US-EDN,-122.114,37.6156,0.0,0.0,1.7857651593982136,10.511804580688477,,,0.0,17.0
Ameriflux,Elkhorn Slough Hester Marsh,US-EKH,-121.7523,36.8094,4.733285719650106,0.9726946436268672,37.773332132742965,65.62194061279297,11.17895163040206,0.0,251.92707824707028,2.0
Ameriflux,Elkhorn Slough North Marsh,US-EKN,-121.7328,36.8357,17.591800439275165,26.298453611109878,48.52715031818362,65.62194061279297,50.9620329740185,0.0,251.92707824707028,2.0
Ameriflux,Elkhorn Slough Porter Marsh,US-EKP,-121.7488,36.8558,9.77224430514794,31.104290617520736,27.43173605353136,65.62194061279297,73.02295889295021,0.0,251.9270782470703,2.0
Ameriflux,Elkhorn Slough Yampah Marsh,US-EKY,-121.7487,36.8105,4.499048673974737,0.5287799102364336,17.64491324134833,65.62194061279297,9.669741545716278,0.0,251.92707824707037,2.0
Ameriflux,Everglades (long hydroperiod marsh),US-Elm,-80.7826,25.5519,,,8.234140751519558,44.234710693359375,,0.0,,11.0
Ameriflux,Edwards Plateau Martin,US-EPM,-99.8619,30.8167,,,6.20364898558272,20.6430721282959,,18.76957321166991,,4.0
Ameriflux,Everglades (short hydroperiod marsh),US-Esm,-80.5946,25.4379,,,4.406925197894981,50.31982803344727,,8.31681632995605,,11.0
Ameriflux,Everglades Saltwater intrusion marsh,US-EvM,-80.381,25.3539,,,3.010697743318318,,,1.1283162832260132,,17.0
Ameriflux,Flagstaff - Managed Forest,US-Fmf,-111.7273,35.1426,16.389433335225807,69.03978455912457,99.54214913060636,101.82066345214844,67.80151362804372,81.7250442504883,78.94586181640625,3.0
Ameriflux,Fort Peck,US-FPe,-105.1019,48.3077,,,1.9803456839729705,9.93378734588623,,0.0,0.1322344613628808,17.0
Ameriflux,Freeman Ranch- Grassland,US-FR1,-98.01,29.93,,,27.7056499211803,32.55236040877581,,24.155633926391594,,11.0
Ameriflux,Freeman Ranch- Mesquite Juniper,US-FR2,-97.9962,29.9495,,,31.389055806833596,34.20857074705859,,24.15563392639162,,5.0
Ameriflux,Freeman Ranch- Woodland,US-FR3,-97.99,29.94,,,36.80611835641098,34.82507146413388,,24.155633926391594,,5.0
Ameriflux,Flagstaff - Unmanaged Forest,US-Fuf,-111.762,35.089,82.87392862612268,85.52546988920572,78.03766031410568,33.3759880065918,94.04987129105612,81.91268157958989,124.45143127441406,7.0
Ameriflux,Flagstaff - Wildfire,US-Fwf,-111.7718,35.4454,5.939955818144775,32.738551133570866,41.78809580221378,97.03620910644533,49.3176179333127,44.489875793457045,81.07381439208984,20.0
Ameriflux,GLEES Brooklyn Tower,US-GBT,-106.2397,41.3658,,54.889933638476045,50.35014289126428,86.65321592214532,,76.59161376953126,90.8200454711914,3.0
Ameriflux,Georgia Coastal Ecosystems LTER Flux Tower,US-GCE,-81.2835,31.4441,,,43.15498042097229,83.17838287353516,,18.95651054382325,,6.0
Ameriflux,Granite Island,US-GL2,-87.4,46.7167,,,,108.1267547607422,,,,16.0
Ameriflux,GLEES,US-GLE,-106.2399,41.3665,,56.36109344096097,50.60878927640693,86.34145423389502,,76.59161376953121,90.8200454711914,3.0
Ameriflux,Great Mountain Forest,US-GMF,-73.2333,41.9667,,,150.3950319531616,44.48945999145508,,189.14848327636707,,1.0
Ameriflux,Goodwin Creek,US-Goo,-89.8735,34.2547,,,84.17242381959223,67.5963696335111,,69.6783676147461,,3.0
Ameriflux,"Genesee, ID On-farm site Zone 1",US-GZ1,-116.8068,46.5008,0.0292471580022323,,6.616730076650592,12.369418917291233,,0.0,32.40297263509383,17.0
Ameriflux,"Genesee, ID On-farm site Zone 2",US-GZ2,-116.8047,46.4978,0.0383303778237447,,8.692924205008666,12.325999473588984,,0.0,32.03340015302249,17.0
Ameriflux,"Genesee, ID On-farm site Zone 3",US-GZ3,-116.8019,46.4949,0.1608298612077515,,11.405590440765131,12.287346486748572,,0.0,30.829737107762902,17.0
Ameriflux,Harvard Forest EMS Tower (HFR1),US-Ha1,-72.1715,42.5378,,,165.3672896639143,37.92121124267578,,114.92280578613284,,8.0
Ameriflux,Harvard Forest Hemlock Site,US-Ha2,-72.1779,42.5393,,,181.63698818050207,37.92121124267578,,114.92280578613271,,8.0
Ameriflux,North Inlet Crab Haul Creek,US-HB1,-79.1957,33.3455,,,117.32384086190058,,,31.38868522644044,,13.0
Ameriflux,Hobcaw Barony Mature Longleaf Pine,US-HB2,-79.244,33.3242,,,146.6903586792794,104.66316223144533,,31.388685226440423,,13.0
Ameriflux,Hobcaw Barony Longleaf Pine Restoration,US-HB3,-79.2322,33.3482,,,119.94753250498168,,,31.388685226440444,,13.0
Ameriflux,Minim Creek Brackish Impoundment,US-HB4,-79.2975,33.2015,,,19.472335301633763,98.68402862548828,,30.361152648925792,,6.0
Ameriflux,Hubbard Brook Experimental Forest,US-HBK,-71.7181,43.9397,,,187.4056997764408,52.58859634399414,,130.18925476074216,,8.0
Ameriflux,Hanford 300 Area,US-Hn1,-119.275,46.4089,0.0,,3.008029157063169,9.334315299987791,,0.0,5.499685331655099,17.0
Ameriflux,Hanford 100H grassland,US-Hn2,-119.4641,46.6889,0.0020983227941104,,2.9943648216441807,9.442992210388184,,0.0,0.0,17.0
Ameriflux,Hanford 100H sagebrush,US-Hn3,-119.4614,46.6878,0.0020986315620597,,3.9259538987680447,9.442992210388184,,0.0,0.0,17.0
Ameriflux,Howland Forest (main tower),US-Ho1,-68.7402,45.2041,,,108.86947540118813,36.34164639394525,,65.87928009033206,,7.0
Ameriflux,Howland Forest (west tower),US-Ho2,-68.747,45.2091,,,114.24522939621455,37.20229413235395,,65.87928009033203,,7.0
Ameriflux,Howland Forest (harvest site),US-Ho3,-68.725,45.2072,,,78.27367091480158,36.13814926147461,,65.87928009033202,,7.0
Ameriflux,Hawk Property,US-HPY,-74.0853,40.7692,,,9.164917742686704,8.624485969543457,,10.920965440829896,,4.0
Ameriflux,Humnoke Farm Rice Field – Field A,US-HRA,-91.7517,34.5852,,,7.064619216536852,10.234103135260176,,8.98437752987728,,4.0
Ameriflux,Humnoke Farm Rice Field – Field C,US-HRC,-91.7517,34.5888,,,6.465471520558626,10.234103031240997,,7.59299225545749,,4.0
Ameriflux,Humnoke Carr North Rice Field,US-HRN,-91.7132,34.5955,,,27.827333563859995,10.232397079467772,,7.404955387115483,,4.0
Ameriflux,Herring River Phragmites,US-HRP,-70.0552,41.938,,,66.9357546516893,,,88.69389330765927,,3.0
Ameriflux,Humnoke Carr South Rice Field,US-HRS,-91.7138,34.5922,,,33.26499953247676,10.232397079467772,,7.4049553871154785,,4.0
Ameriflux,Hill Slough Marsh,US-Hsm,-122.0212,38.2368,0.5901436812090889,1.8907254058334912,1.321621677045105,22.51806259155273,12.059601699869871,9.755227088928224,55.47320938110352,17.0
Ameriflux,USDA ARS Pasture Sytems and Watershed Management Research Unit- Hawbecker Site,US-HWB,-77.8488,40.8608,,,53.55274566831941,75.4464111328125,,86.7852630615235,,3.0
Ameriflux,Fermi National Accelerator Laboratory- Batavia (Agricultural site),US-IB1,-88.2227,41.8593,,,9.990220021950709,8.833524703979492,,6.866088867187499,,4.0
Ameriflux,Fermi National Accelerator Laboratory- Batavia (Prairie site),US-IB2,-88.241,41.8406,,,9.629087438098193,9.651155533965037,,5.699978228055236,,4.0
Ameriflux,Paspalum notatum long rotational grazing,US-IL1,-81.1996,27.1879,,,15.753291034270651,18.05792617797852,,0.4467744827270506,,4.0
Ameriflux,INFLUX - Cemetery Turfgrass Tower,US-INa,-86.179,39.8273,,,78.4515010660212,10.181988716125488,,0.961207628250122,,5.0
Ameriflux,INFLUX - Golf Course,US-INb,-86.0024,39.8706,,,72.55415091894973,10.277446095435716,,12.800680160522454,,5.0
Ameriflux,INFLUX - Downtown Indianapolis (Site-3),US-INc,-86.1652,39.7833,,,10.312974402153795,10.181988716125488,,0.9612076282501224,,17.0
Ameriflux,INFLUX - Agricultural Site East near Pittsboro,US-INd,-86.5005,39.8645,,,17.837910232003107,10.90838592002607,,6.004423141479493,,4.0
Ameriflux,INFLUX - Agricultural Site West near Pittsboro,US-INe,-86.5083,39.8632,,,20.767876673709264,11.11115242714779,,6.004423141479497,,4.0
Ameriflux,INFLUX - East 21st St (Site 2),US-INf,-86.0183,39.7978,,,18.556102046151743,10.181988716125488,,12.800680160522468,,4.0
Ameriflux,INFLUX - Wayne Twp Comm (Site-7),US-INg,-86.2724,39.7739,,,44.66163321860298,10.62767219543457,,0.9612076282501216,,4.0
Ameriflux,INFLUX - Agricultural Site East of Indianapolis (Site-9a),US-INi,-85.7005,39.8167,,,13.109092498295592,10.94921588897705,,4.385039329528811,,4.0
Ameriflux,INFLUX - Agricultural Site East of Indianapolis (Site-9b),US-INj,-85.7066,39.8766,,,17.12597267390621,10.94921588897705,,4.385039329528809,,4.0
Ameriflux,INFLUX - Agricultural Site West of Indianapolis (Site-14a),US-INn,-86.788,39.9468,,,11.709687689618868,11.696539878845211,,8.778901100158691,,4.0
Ameriflux,INFLUX - Agricultural Site West of Indianapolis (Site-14b) ,US-INp,-86.7821,39.9477,,,10.87567354254424,11.696539878845211,,8.77890110015869,,4.0
Ameriflux,Jackson Lane - natural,US-JLN,-75.7531,39.0574,,,59.69206620547445,36.96654808339521,,51.79719501713917,,7.0
Ameriflux,Jackson Lane - restored,US-JLR,-75.7531,39.0543,,,53.42157299965177,36.96641732645394,,51.47393801194271,,5.0
Ameriflux,Jornada Experimental Range Bajada Site,US-Jo1,-106.635,32.582,0.0,0.0,0.9250662660147044,8.196821212768555,,0.6151013460670156,2.035463571548462,17.0
Ameriflux,Jornada Experimental Range Mixed Shrubland,US-Jo2,-106.6032,32.5849,0.0,0.0,1.2345511023308329,8.196821212768555,,0.252848505973816,5.0229916047805325,17.0
Ameriflux,Jornada Experimental Range Red Lake Playa,US-Jo3,-106.8303,32.7123,0.0,0.0,0.9579606444780556,8.355450630187988,,0.8861779570579532,0.0,17.0
Ameriflux,WV Jacks Run,US-JRn,-80.1646,39.6789,,,186.9838816646554,111.2685317993164,,98.97389221191408,,16.0
Ameriflux,KCMP Tall Tower,US-KCM,-93.0728,44.6886,,,19.3989876851727,9.98960018157959,,4.877754688262936,,4.0
Ameriflux,Konza Prairie LTER (4B),US-KFB,-96.5951,39.0745,,,4.174131512417809,10.838811874389648,,10.13510704040526,,4.0
Ameriflux,Kansas Field Station,US-KFS,-95.1907,39.0561,,,52.404340922564174,27.528268814086918,,26.731492450356978,,5.0
Ameriflux,Kingman Farm,US-KGF,-70.9259,43.1717,,,146.90985116624796,105.88687896728514,,86.72066034192609,,16.0
Ameriflux,KBS Lux Arbor Reserve Corn,US-KL1,-85.4422,42.4847,,,63.59477548274166,68.12156677246094,,27.968484878540025,,6.0
Ameriflux,KBS Lux Arbor Reserve Switchgrass,US-KL2,-85.4468,42.4768,,,58.85943128304689,68.12156677246094,,27.968484878540032,,6.0
Ameriflux,KBS Lux Arbor Reserve Prairie,US-KL3,-85.4473,42.4735,,,50.05913396093181,68.12156677246094,,27.968484878540032,,6.0
Ameriflux,Kansas Land Institute,US-KLS,-97.5684,38.7745,,,17.47080226727637,11.10295867919922,,0.4875640869140623,,4.0
Ameriflux,KBS Marshall Farms Corn,US-KM1,-85.3287,42.4376,,,73.2453766866694,68.12156677246094,,27.96848487854004,,6.0
Ameriflux,KBS Marshall Farms Prairie,US-KM2,-85.3098,42.4441,,,76.7004291585024,68.12156677246094,,27.96848487854005,,6.0
Ameriflux,KBS Marshall Farms Switchgrass,US-KM3,-85.3105,42.4464,,,74.67934960060097,68.12156677246094,,27.968484878540043,,6.0
Ameriflux,KBS Marshall Farms Smooth Brome Grass (Ref),US-KM4,-85.3301,42.4423,,,68.37068639894825,68.12156677246094,,27.96848487854005,,6.0
Ameriflux,Konza Prairie LTER (KNZ),US-Kon,-96.5603,39.0824,,,4.238231106111769,10.838811874389648,,10.135107040405275,,4.0
Ameriflux,Kennedy Space Center (salt marsh),US-KS3,-80.7427,28.7084,,,,67.07878112792969,,,,3.0
Ameriflux,KUOM tower,US-KUO,-93.1884,44.9984,,,26.79826265005571,12.172310571110472,,2.644084692001345,,4.0
Ameriflux,KUOM Turfgrass Field,US-KUT,-93.1863,44.995,,,24.85242096438676,10.436274266726462,,2.6440846920013423,,4.0
Ameriflux,Apple Orchard ARS Kearneysville WV,US-Kyv,-77.8859,39.3447,,,53.11606632586951,60.66598892211914,,35.41244125366212,,6.0
Ameriflux,Pointe-aux-Chenes Brackish Marsh,US-LA1,-90.4449,29.5013,,,1.7782532566584777,43.17303594252466,,8.794204711914062,,11.0
Ameriflux,Salvador WMA Freshwater Marsh,US-LA2,-90.2869,29.8587,,,13.8436603633793,13.615276336669924,,3.8607430458068848,,4.0
Ameriflux,Barataria Bay Saline Marsh,US-LA3,-89.9153,29.4936,,,0.5018773721287586,8.0570707321167,,0.0,,17.0
Ameriflux,Lockney Grassland,US-LGr,-101.4787,34.1377,0.2593423403939773,0.0,1.3622048277217702,8.64285659790039,,0.0,9.271444320678713,17.0
Ameriflux,Lindcove Orange Orchard,US-Lin,-119.0922,36.3566,0.106656792457784,0.5003054712542739,13.9522305637571,22.76662826538086,9.930368652814586,0.6625177860260006,17.948317262834305,17.0
Ameriflux,Longleaf Pine - Baker (Mesic site),US-LL1,-84.5329,31.2792,,,96.16375415710628,34.06828308105469,,66.87648773193357,,7.0
Ameriflux,Longleaf Pine - Dubignion (Intermediate site),US-LL2,-84.4449,31.201,,,74.19276253448271,31.63711929321289,,42.200626373291,,5.0
Ameriflux,Longleaf Pine - Red Dirt (Xeric site),US-LL3,-84.4787,31.2688,,,84.07768669249833,34.71452713012695,,66.87648773193362,,7.0
Ameriflux,Lost Creek,US-Los,-89.9792,46.0827,,,56.56006565085966,107.08599853515624,,54.18226242065428,,3.0
Ameriflux,Little Prospect Hill,US-LPH,-72.185,42.5419,,,201.5476897122488,37.92121124267578,,114.92280578613271,,8.0
Ameriflux,San Pedro River Lewis Springs Sacaton Grassland,US-LS1,-110.1403,31.5615,0.0007429732478740309,0.0844524048081652,10.890105636844396,15.77459716796875,18.604882679146304,1.0219408273696906,10.835078239440918,17.0
Ameriflux,San Pedro River Lewis Springs Savanna,US-LS2,-110.1344,31.5659,0.0,0.0,8.139231922880843,15.77459716796875,17.532899653062263,1.0219408273696893,10.835078239440918,17.0
Ameriflux,Missouri-Moreau River Basin USDA Certified Organic Farm,US-LU1,-92.2487,38.5048,,,72.00404994475917,47.53870664939725,,22.56202888488768,,6.0
Ameriflux,Little Washita Watershed,US-LWW,-97.9789,34.9604,,,6.154755687542205,10.930156707763672,,8.726741790771488,,4.0
Ameriflux,MacArthur Agro-Ecology,US-MAC,-81.1873,27.1632,,,19.55265773425198,18.05792617797852,,0.4467744827270509,,4.0
Ameriflux,Marcell Bog Lake Peatland,US-MBP,-93.4893,47.5051,,,135.122237618485,125.73035646238064,,39.9647789001465,,14.0
Ameriflux,"Creston, Montana pivot-irrigated spring wheat",US-MC1,-114.1548,48.1873,0.2998673734838178,,14.989779470244098,95.73536682128906,,56.647022247314446,42.27984619140625,20.0
Ameriflux,"Creston, Montana pivot-irrigated spring wheat 2",US-MC2,-114.2051,48.1802,0.9383144592497268,,17.849255882198793,95.73536682128906,,56.64702224731444,71.2367727407612,20.0
Ameriflux,"Moro Cojo Slough, PG&E Treatment Wetland",US-MCP,-121.769,36.783,0.0787384165296999,0.0,4.683758912994734,,19.14548651381123,0.0,99.2261962890625,15.0
Ameriflux,Metolius - Eyerly burn,US-Me1,-121.5,44.5794,15.017724856144016,,12.679788989503216,46.71506579107805,,53.29314041137691,149.9634547536913,20.0
Ameriflux,Metolius mature ponderosa pine,US-Me2,-121.5589,44.4526,74.37399504380569,,61.03505677878103,70.81029510498047,,97.6245631686557,200.6615447998047,9.0
Ameriflux,Metolius-second young aged pine,US-Me3,-121.6078,44.3154,15.522044806445896,,68.90189438351028,70.81029510498047,,43.42892658306342,187.15270062525164,2.0
Ameriflux,Metolius-old aged ponderosa pine,US-Me4,-121.6224,44.4992,110.12700278952748,,142.36086409666856,75.71459040907666,,97.63355255126956,214.33939392846537,16.0
Ameriflux,Metolius-first young aged pine,US-Me5,-121.5668,44.4372,40.01056705672525,,52.48008874893652,70.81029510498047,,97.5163646837989,200.6615447998047,9.0
Ameriflux,Metolius Young Pine Burn,US-Me6,-121.6078,44.3233,12.533200533375451,,61.738992037032624,70.81029510498047,,19.56561703046672,187.14761056909416,2.0
Ameriflux,Metolius Low Burn Severity Subcanopy,US-Me7,-121.5619,44.4534,70.32132399925594,,58.34472892985944,70.81029510498047,,97.63355255126956,200.6615447998047,9.0
Ameriflux,"Lake Mendota, Center for Limnology Site",US-Men,-89.403,43.0772,,,10.529324523213733,10.810657501220703,,9.658852577209467,,4.0
Ameriflux,Moore Fields,US-MFs,-70.961,43.1385,,,124.15101977264705,105.88687896728516,,86.7622909545898,,16.0
Ameriflux,MPG Ranch Rangeland Restoration,US-MG1,-114.0353,46.6996,0.893568312813426,,27.9950632630531,215.7025451660156,,45.81814193725586,53.30478744323332,10.0
Ameriflux,"Huntley, Montana irrigated barley site 1",US-MH1,-108.2414,45.9206,,,4.178054157572194,10.972132434828332,,1.7328349351882928,3.936899185180665,17.0
Ameriflux,"Huntley, Montana irrigated barley site 2",US-MH2,-108.1978,45.9699,,,3.273152797126257,10.992652893066406,,0.7428495287895205,4.382886217375851,17.0
Ameriflux,LTAR UCB (Upper Chesapeake Bay) Miscanthus 1,US-Mi1,-80.6313,41.7727,,,60.32732224314477,93.62818908691406,,51.68729801867134,,3.0
Ameriflux,LTAR UCB (Upper Chesapeake Bay) Miscanthus 2,US-Mi2,-80.855,41.5479,,,110.0245696919409,77.5926284790039,,98.74235534667966,,16.0
Ameriflux,LTAR UCB (Upper Chesapeake Bay) Miscanthus 3,US-Mi3,-80.637,41.8222,,,112.86486751276853,93.62818908691406,,51.66979980468749,,13.0
Ameriflux,Montana Judith Basin wheat field,US-Mj1,-109.6137,46.9948,,,3.1963383799637506,11.785949113216402,,11.389719009399403,0.9109409947692044,4.0
Ameriflux,Montana Judith Basin summer fallow field,US-Mj2,-109.6295,46.9957,,,1.9779997242119567,11.771041602647491,,11.389719009399414,1.22448916900205,4.0
Ameriflux,Morgan Monroe State Forest,US-MMS,-86.4131,39.3232,,,268.0638852830604,35.01875686645508,,118.23437499999991,,8.0
Ameriflux,"Morris: Corn-Soybean with Cover Crops, Strip Tillage",US-MN1,-96.1269,45.6168,,,2.8527481211406367,11.096091270446776,,2.317929267883301,,17.0
Ameriflux,"Morris: Corn-Soybean-Wheat with Cover Crops, Minimal Tillage",US-MN2,-96.1271,45.627,,,2.921508973614793,11.096091270446776,,2.3179292678833017,,17.0
Ameriflux,"Morris: Corn-Soybean, Conventional Tillage",US-MN3,-96.1265,45.6091,,,3.5766774684839047,11.096091270446776,,2.317929267883302,,17.0
Ameriflux,LTAR CMRB Field 1 (CMRB ASP),US-Mo1,-92.1167,39.2298,,,7.555955139244326,11.594643592834473,,7.402910709381101,,4.0
Ameriflux,LTAR CMRB Tucker Prairie (CMRB TP),US-Mo2,-91.9945,38.9488,,,15.630569565096708,40.27286518068449,,13.014154434204102,,11.0
Ameriflux,LTAR CMRB Field 3 (CMRB BAU),US-Mo3,-92.1497,39.2311,,,16.645037343679604,11.594643592834473,,7.402910709381111,,4.0
Ameriflux,Missouri Ozark Site,US-MOz,-92.2,38.7441,,,188.78964167781805,45.08909375339746,,43.08551025390624,,13.0
Ameriflux,Mountainair Pinyon-Juniper Woodland,US-Mpj,-106.2377,34.4385,3.9533046024786738,19.315068351010577,6.280906487366712,8.817193031311035,,9.84234619140625,18.07330322265625,4.0
Ameriflux,Mary's River (Fir) site,US-MRf,-123.5515,44.6465,251.0152854456841,,215.7952995085052,33.998390197753906,,257.804047761208,338.6606750488281,12.0
Ameriflux,Marsh Resource Meadowlands Mitigation Bank,US-MRM,-74.0435,40.8164,,,5.300558827824434,8.624485969543457,,11.195555686950687,,4.0
Ameriflux,Montana Sun River winter wheat ,US-MSR,-111.7207,47.4758,0.0,,1.285671284276774,11.66722774505615,,0.0,0.5461128950119019,17.0
Ameriflux,Mt Bigelow,US-MtB,-110.7256,32.416,37.57155318486484,117.2850462311423,163.9639737094354,67.42195129394531,113.65065620661557,16.945149597550323,89.62761688232422,13.0
Ameriflux,Montana Vaughn Fallow,US-MVF,-111.4659,47.6867,0.0,,1.037678111580021,10.713072776794434,,0.0,1.4961726665496826,17.0
Ameriflux,Montana Vaughn Wheat,US-MVW,-111.4889,47.6729,0.0371086022357881,,1.3208570244174158,10.715747878730667,,0.0,1.4443740824194122,17.0
Ameriflux,Jackson Agricultural Field,US-MWA,-84.8539,42.2143,,,22.995349213107865,40.29039001464844,,39.99797439575198,,5.0
Ameriflux,Kellogg Experimental Forest,US-MWF,-85.3526,42.366,,,147.63830174164926,68.12156677246094,,27.968484878540032,,13.0
Ameriflux,Michigan State University Campus Site - Spartans,US-MWS,-84.4737,42.7293,,,35.162009272108,39.80063629150391,,11.259828567504874,,11.0
Ameriflux,Battle Creek Area Mathematics and Science Center,US-MWU,-85.1871,42.3228,,,13.980699501776764,37.42716217041016,,29.086330413818366,,11.0
Ameriflux,Allegan Wetland,US-MWW,-86.0229,42.6689,,,76.76488309768291,67.23252868652344,,52.768905639648445,,6.0
Ameriflux,Mayberry Wetland,US-Myb,-121.765,38.0499,0.1206190178005739,0.0,1.6127412006696844,12.805852890014648,14.167674911157668,5.436649322509759,18.159996032714844,17.0
Ameriflux,NC_Clearcut,US-NC1,-76.7119,35.8118,,,51.19314976554715,66.96083068847656,,82.84978485107416,,3.0
Ameriflux,NC_Loblolly Plantation,US-NC2,-76.6685,35.803,,,87.31968837561972,66.96083068847656,,33.58429718017578,,6.0
Ameriflux,NC_Clearcut#3,US-NC3,-76.656,35.799,,,90.14590698753992,66.96083068847656,,33.58429718017579,,6.0
Ameriflux,NC_AlligatorRiver,US-NC4,-75.9038,35.7879,,,92.59264566770702,130.84703063964844,,64.81290435791017,,14.0
Ameriflux,Mead - irrigated continuous maize site,US-Ne1,-96.4766,41.1651,,,3.3143988833392077,10.750755310058594,,1.877446532249451,,17.0
Ameriflux,Mead - irrigated maize-soybean rotation site,US-Ne2,-96.4701,41.1649,,,2.397079003375776,10.750755310058594,,1.877446532249451,,17.0
Ameriflux,Mead - rainfed maize-soybean rotation site,US-Ne3,-96.4397,41.1797,,,3.489903792915705,10.750755310058594,,1.877446532249452,,17.0
Ameriflux,Northern Michigan Jack Pine Stand,US-NMj,-88.5194,46.6465,,,56.7302876004018,26.72024726867676,,88.61156463623048,,7.0
Ameriflux,Business-As-Usual Management (mandanh5),US-NP1,-100.951,46.7756,,,3.9020749556357632,11.011151313781738,,7.157633781433107,4.727197170257568,17.0
Ameriflux,ASPirational Management (mandani2),US-NP2,-100.9257,46.7613,,,2.917709771803603,11.011151313781738,,7.157633781433105,4.727197170257568,17.0
Ameriflux,Niwot Ridge Forest (LTER NWT1),US-NR1,-105.5464,40.0329,,84.10676860983062,61.15273843390703,76.3296890258789,,64.1800991240153,108.78213500976562,3.0
Ameriflux,Niwot Ridge Forest (USGS site),US-NR2,-105.5469,40.0325,,84.19354567508906,60.49766220640537,76.3296890258789,,64.37480585845688,108.78213500976562,3.0
Ameriflux,Niwot Ridge Alpine (T-Van West),US-NR3,-105.5864,40.052,,14.275343615339668,18.921674765594485,76.3296890258789,,76.994026184082,108.78213500976562,3.0
Ameriflux,Niwot Ridge Alpine (T-Van East),US-NR4,-105.5859,40.052,,14.253121190017117,18.967218570441748,76.3296890258789,,76.99402618408199,108.78213500976562,3.0
Ameriflux,Nisqually reference,US-Nrf,-122.6927,47.0935,59.88605029620835,,67.91287117024467,15.459033012390137,,30.850820541381854,317.52694375759546,2.0
Ameriflux,Nisqually restoring,US-Nrs,-122.7079,47.0936,14.851330311231209,,15.052115995901628,15.459033012390138,,30.850820541381847,274.0241820340293,2.0
Ameriflux,Newman Seasonal Wetlands,US-NSW,-121.0042,37.3091,1.1597731706426695,0.0261864118560538,2.585700089687651,22.08825809286169,0.8184974323889833,6.330477714538574,1.3967652774690391,17.0
Ameriflux,Osceola Farm Rice Field - SW,US-OF1,-90.0492,35.7371,,,10.22272990441615,9.73349380493164,,11.086597442626964,,4.0
Ameriflux,Osceola Farm Rice Field - NW,US-OF2,-90.0489,35.7406,,,10.44664596429947,9.73349380493164,,11.086597442626946,,4.0
Ameriflux,Oak Openings,US-Oho,-83.8438,41.5545,,,194.1574902303169,10.699804306030272,,29.47380256652832,,13.0
Ameriflux,Florida pine flatwoods,US-ONA,-81.9509,27.3836,,,21.80233582222068,27.279682159423825,,20.29788589477541,,11.0
Ameriflux,Optimizing Production Inputs for Economic and Environmental Enhancement (OPE3),US-OPE,-76.8457,39.0293,,,158.28257647656594,75.05352020263672,,61.642574310302784,,13.0
Ameriflux,Olentangy River Wetland Research Park,US-ORv,-83.0183,40.0201,,,20.949441703558723,23.02378463745117,,9.224530220031737,,4.0
Ameriflux,Old Woman Creek,US-OWC,-82.5125,41.3795,,,61.30197737875636,33.69078063964844,,22.20300102233886,,5.0
Ameriflux,"Florida, Paspalum notatum pasture",US-PAS,-81.951,27.3944,,,21.03468971617554,27.279682159423825,,20.297885894775387,,11.0
Ameriflux,5R Pecan Farm Above Canopy,US-PeA,-106.0788,31.4123,0.6390011545412246,1.4145296707746362,18.89910507261224,9.81061553955078,,0.511820316314697,2.956449031829834,17.0
Ameriflux,Park Falls/WLEF,US-PFa,-90.2723,45.9459,,,123.27974708077228,134.87783813476562,,62.43525761895936,,18.0
Ameriflux,NW1 Pine-1 CHEESEHEAD 2019,US-PFb,-90.3232,45.972,,,102.39303141935927,134.87783813476562,,61.9977111816406,,14.0
Ameriflux,NW2 Aspen-1 CHEESEHEAD 2019,US-PFc,-90.3088,45.9677,,,111.89612750666596,134.87783813476562,,61.99771118164066,,14.0
Ameriflux,NW3 Tussock-1 CHEESEHEAD 2019,US-PFd,-90.301,45.9689,,,112.35323148408204,134.87783813476562,,61.99771118164057,,14.0
Ameriflux,NW4 Lake-1 CHEESEHEAD 2019,US-PFe,-90.3004,45.9793,,,113.44513908885295,134.87783813476562,,61.997711181640646,,14.0
Ameriflux,NW5 Grass-1 CHEESEHEAD 2019,US-PFf,-90.2944,45.9458,,,96.4756245258066,134.87783813476562,,61.9977111816406,,14.0
Ameriflux,NE1 Pine-2 CHEESEHEAD 2019,US-PFg,-90.2723,45.9735,,,145.28865049788274,134.87783813476562,,61.99771118164066,,18.0
Ameriflux,NE2 Pine-3 CHEESEHEAD 2019,US-PFh,-90.2406,45.9557,,,297.5406817871066,132.65547132407434,,63.70613856637255,,0.0
Ameriflux,NE3 Hardwood-1 CHEESEHEAD 2019,US-PFi,-90.2327,45.9749,,,291.7544152051473,132.4522705078125,,60.71657063287346,,0.0
Ameriflux,NE4 Maple-1 CHEESEHEAD 2019,US-PFj,-90.227,45.9619,,,432.639072334366,132.4522705078125,,63.99211280720721,,0.0
Ameriflux,SW1 Aspen-2 CHEESEHEAD 2019,US-PFk,-90.3425,45.9149,,,93.32755080582028,134.87783813476562,,61.99771118164062,,14.0
Ameriflux,SW2 Aspen-3 CHEESEHEAD 2019,US-PFL,-90.3177,45.9409,,,85.68654737395602,134.87783813476562,,61.99771118164065,,14.0
Ameriflux,SW3 Hardwood-2 CHEESEHEAD 2019,US-PFm,-90.3099,45.9207,,,90.5061686335718,134.87783813476562,,62.35996478665137,,14.0
Ameriflux,SW4 Hardwood-3 CHEESEHEAD 2019,US-PFn,-90.2823,45.9392,,,110.84176714023428,134.87783813476562,,62.418192077892215,,14.0
Ameriflux,SE1 Lake-2 CHEESEHEAD 2019,US-PFo,-90.2728,45.9229,,,118.44674299576768,134.87783813476562,,64.18560791015622,,18.0
Ameriflux,SE2 Hardwood-4 CHEESEHEAD 2019,US-PFp,-90.2641,45.9365,,,124.670838517259,134.87783813476562,,63.96900206365999,,18.0
Ameriflux,SE3 Aspen-4 CHEESEHEAD 2019,US-PFq,-90.2475,45.9271,,,149.07077026367188,133.3700148353361,,64.18560791015624,,18.0
Ameriflux,SE4 Tussock-2 CHEESEHEAD 2019,US-PFr,-90.2475,45.9245,,,149.07077026367188,133.3697013696258,,64.18560791015626,,18.0
Ameriflux,SE5 Aspen-5 CHEESEHEAD 2019,US-PFs,-90.2382,45.9381,,,182.81393036001225,132.49284477694036,,64.18560791015624,,18.0
Ameriflux,SE6 Pine-4 CHEESEHEAD 2019,US-PFt,-90.2288,45.9197,,,75.05352594086182,132.4522705078125,,64.18560791015625,,14.0
Ameriflux,Plum Island High Marsh,US-PHM,-70.8301,42.7423,,,5.773864877967571,100.94283496382516,,74.2448357527665,,3.0
Ameriflux,Pine Upland,US-PiU,-80.9261,26.0004,,,37.27151188202839,15.038256300487518,,26.2647647857666,,5.0
Ameriflux,Plum Island Low Marsh,US-PLM,-70.8382,42.7345,,,5.473574810221944,100.8577880859375,,66.5826687892986,,3.0
Ameriflux,Plum Island Oligohaline Marsh,US-PLo,-70.9157,42.7496,,,78.95876281613211,102.02213649437928,,61.11818313598636,,3.0
Ameriflux,"Lake Mendota, Picnic Point Site",US-Pnp,-89.4158,43.0896,,,20.260799563340253,10.810657501220703,,9.658852577209473,,4.0
Ameriflux,Ponca City,US-Pon,-97.1333,36.7667,,,5.298491580456616,10.20358943939209,,6.588860988616944,,4.0
Ameriflux,USSL San Joaquin Valley Pistachio High,US-PSH,-119.9247,36.2347,3.4803692817797143,0.0,2.838168882044983,17.680177688598633,1.461450975199568,0.0,3.4721853733062744,17.0
Ameriflux,USSL San Joaquin Valley Pistachio Low,US-PSL,-120.1397,36.8276,4.543658125629234,0.0451836608139493,4.785994095299589,18.284780502319336,2.064167504685526,0.0,11.168570518493652,17.0
Ameriflux,PVAMU Research Farm,US-PVA,-95.9695,30.0958,,,5.586567173652428,44.83753204345703,,20.52355194091797,,11.0
Ameriflux,"Phoenix, Maryvale Neighborhood Site",US-Px1,-112.1426,33.4839,1.1207781174489344,0.1816256481815723,0.6458308403663158,10.832069396972656,0.0569127518911134,0.0,2.859194435031465e-12,17.0
Ameriflux,"Phoenix, Encanto Golf Course",US-Px2,-112.098,33.4785,0.8663655032897912,3.2493605402746337,3.133851803438032,10.832069396972656,0.1035000142547186,0.0,3.521309716595993e-12,17.0
Ameriflux,"Phoenix, Desert botanical garden site",US-Px3,-111.9428,33.4582,1.167108317683126,0.6141533611568161,2.595598574034203,10.835653305053713,0.1359291275951974,0.0,0.0,17.0
Ameriflux,Cook Agronomy Farm - No Till,US-RC1,-117.0777,46.7837,0.8953077077314316,,3.2616562379962084,11.944751739501957,,0.0,18.75931930541992,17.0
Ameriflux,Cook Agronomy Farm - Conventional Till,US-RC2,-117.0807,46.7776,0.2267854411690101,,3.09779539990842,11.944751739501951,,0.0,18.75931930541992,17.0
Ameriflux,WSU Lind Dryland Research Station,US-RC3,-118.598,46.991,0.0,,2.1666037279606982,10.167307501787446,,0.0,0.0430082206717592,17.0
Ameriflux,Moscow Mountain on-farm site,US-RC4,-116.949,46.758,0.0079686041567134,,4.900709092887711,63.56997673709874,,34.75756454467776,24.03045463562012,20.0
Ameriflux,Moses Lake on-farm site,US-RC5,-119.248,47.01,6.3038209434689225,,2.069994403302208,9.874638098745464,,0.0,2.22791075706482,17.0
Ameriflux,RockyFlats - East site,US-RFE,-105.169,39.8771,0.0,0.0,2.828990889283169,10.26521110534668,,26.011913299560543,66.57373046875,15.0
Ameriflux,RockyFlats - West site,US-RFW,-105.2184,39.8751,0.0,0.1576912848880343,3.0852034264892256,10.26521110534668,,26.01191329956056,82.97258758544922,15.0
Ameriflux,Arkansas Corn Farm,US-RGA,-91.6733,34.4159,,,22.246904022763413,61.99947738647462,,37.82118225097656,,20.0
Ameriflux,Butte County Rice Farm,US-RGB,-121.8579,39.5782,0.2123730433789478,0.0,1.278041480926253,16.492679595947266,12.097306983676194,4.543518066406251,55.15661239624024,17.0
Ameriflux,Stanislaus County Forage Farm,US-RGF,-121.1369,37.6995,14.211714590637694,1.157386173694335,6.968694521047187,18.27541160583496,9.116158773070078,0.3266187906265258,24.983154596234566,4.0
Ameriflux,Glenn County Rice Farm,US-RGG,-122.0253,39.5944,0.1350424646773338,0.00010964345563710248,2.426206349020039,17.315303802490234,29.981250853998176,4.543518066406251,23.01452642700209,17.0
Ameriflux,Glenn County Organic Rice Farm,US-RGo,-122.0026,39.6805,14.303323572447946,0.0236669421976675,15.455796565430711,17.018573863529642,19.63182114727369,4.543518066406249,15.377455900781788,4.0
Ameriflux,Desha County Rice Farm,US-RGW,-91.4306,33.6216,,,15.905262552128828,18.190231323242188,,29.491052627563462,,4.0
Ameriflux,RCEW Low Sagebrush,US-Rls,-116.7356,43.1439,0.0028445696292845,0.0155420077310586,7.663488187185277,9.76128101348877,,0.9180349232251142,25.217771530151367,17.0
Ameriflux,RCEW Mountain Big Sagebrush,US-Rms,-116.7486,43.0645,11.70472395828607,5.0067252891958045,31.16929391983146,9.944853021055918,,10.924529075622551,106.44644927978516,15.0
Ameriflux,Rosemount- G21,US-Ro1,-93.0898,44.7143,,,13.913241546709395,9.98960018157959,,24.374359130859364,,4.0
Ameriflux,Rosemount- C7,US-Ro2,-93.0888,44.7288,,,14.309271906747416,9.98960018157959,,24.374359130859364,,4.0
Ameriflux,Rosemount- G19,US-Ro3,-93.0893,44.7217,,,15.063329977147545,9.98960018157959,,24.374359130859368,,4.0
Ameriflux,Rosemount Prairie,US-Ro4,-93.0723,44.6781,,,26.95265997247376,9.98960018157959,,4.877754688262934,,4.0
Ameriflux,Rosemount I18_South,US-Ro5,-93.0576,44.691,,,21.20881505988076,9.98960018157959,,6.851061687405994,,4.0
Ameriflux,Rosemount I18_North,US-Ro6,-93.0578,44.6946,,,21.87263689195892,9.98960018157959,,10.9662195006197,,4.0
Ameriflux,Rice Rivers Center Marsh,US-RRC,-77.2065,37.3344,,,180.41107177734372,103.45885467529295,,79.88343048095702,,16.0
Ameriflux,RCEW Reynolds Mountain East,US-Rwe,-116.7591,43.0653,4.910082529248188,2.877640266779672,17.78959520155484,10.156230345236844,,10.924529075622551,106.44644927978516,15.0
Ameriflux,RCEW Upper Sheep Prescibed Fire,US-Rwf,-116.7231,43.1207,1.2389382087999226,0.9638799873805142,8.841683013346207,9.76128101348877,,10.92452907562256,25.217771530151367,17.0
Ameriflux,Reynolds Creek Wyoming big sagebrush,US-Rws,-116.7132,43.1675,0.0,0.0,5.62644178084596,9.76128101348877,,0.0,25.217771530151367,17.0
Ameriflux,Sweet Briar Land-Atmosphere Research Station,US-SB1,-79.0848,37.5734,,,184.7891622697772,97.31926727294922,,93.263427734375,,16.0
Ameriflux,Sweet Briar Grass,US-SB2,-79.0883,37.5607,,,151.1612808587454,97.3192672729492,,93.263427734375,,16.0
Ameriflux,Sweet Briar Clearcut,US-SB3,-79.0872,37.5752,,,187.0163190984364,97.31926727294923,,93.26342773437504,,16.0
Ameriflux,Southern California Climate Gradient - Desert Chaparral,US-SCc,-116.4505,33.6094,0.0,0.2179821517662752,3.953292220106345,14.466233253479004,5.716770843397064,0.0732216238975525,39.40207290649414,17.0
Ameriflux,Southern California Climate Gradient - Sonoran Desert,US-SCd,-116.3721,33.6518,0.0,0.0,2.35681155006408,14.466233253479004,0.0,0.0732216238975524,38.36075973510742,17.0
Ameriflux,Southern California Climate Gradient - Oak/Pine Forest,US-SCf,-116.7717,33.8079,67.51404523765204,113.09761610237776,67.63631269991878,15.44604778289795,150.044764685301,17.97326660156251,105.78880335310043,13.0
Ameriflux,Southern California Climate Gradient - Grassland,US-SCg,-117.6946,33.7365,0.0025427656160102,0.0020984887548767,38.19409778250413,10.88970947265625,28.33551175762181,0.61089563369751,145.35604086169857,15.0
Ameriflux,Southern California Climate Gradient - Coastal Sage,US-SCs,-117.6959,33.7343,0.0036290581864496,0.0,48.14444717220598,10.88970947265625,25.89543626450555,0.6108956336975094,141.7797662829206,15.0
Ameriflux,Southern California Climate Gradient - Pinyon/Juniper Woodland,US-SCw,-116.4527,33.6047,0.0084555100170888,0.9012266984717836,3.610226174261807,14.466233253479004,6.544886327649952,0.0732216238975524,43.20761864542662,17.0
Ameriflux,Nebraska SandHills Dry Valley,US-SdH,-101.4072,42.0693,,0.0,2.591443520047683,10.032882690429688,,0.0,0.0,17.0
Ameriflux,South Denver Urban Tower,US-SDU,-105.0127,39.6594,0.5949419666857007,2.966161676474195,2.0475537414315483,10.237208366394045,,3.1922059059143044,2.331025129864717e-12,17.0
Ameriflux,Sevilleta grassland,US-Seg,-106.702,34.3623,0.0,0.0,1.3571695693613504,9.23097324371338,,2.082555294036865,1.417412656442819,17.0
Ameriflux,Sevilleta shrubland,US-Ses,-106.7442,34.3349,0.0,0.0,2.824482108037127,9.141939958234309,,2.0825552940368657,1.0428476333618164,17.0
Ameriflux,Sioux Falls Portable,US-SFP,-96.902,43.2408,,,2.115205148845737,10.742193222045898,,0.0,,17.0
Ameriflux,Sagehen Creek Field Station,US-SHC,-120.2398,39.4315,89.33194833265874,157.01998341568947,98.98410677637192,101.94514305258544,192.2195767674868,93.27153778076172,205.4795379638672,16.0
Ameriflux,Shidler- Oklahoma,US-Shd,-96.6833,36.9333,,,2.282910297172231,10.15842056274414,,18.065135955810533,,4.0
Ameriflux,Secaucus High School Site,US-SHS,-74.0457,40.8052,,,4.361099669261407,8.624485969543457,,11.195555686950678,,4.0
Ameriflux,Staten Island Fallow,US-Si1,-121.5047,38.1747,0.023367265292007,0.0,1.6057565759284558,12.476768998168316,0.770459979675404,0.0,9.45154601979218,17.0
Ameriflux,Staten Island Flooded,US-Si2,-121.5167,38.1758,0.018121420598952,0.0046208987345072,1.7785189159011578,12.504311561584473,1.2952093176255153,0.0,3.368778705596924,17.0
Ameriflux,San Joaquin (Freshwater Marsh Tower 1),US-SJ1,-117.8514,33.6623,9.843530032760476,0.2667338396366115,8.665725798555744,14.330520629882812,29.61958808415007,0.0,3.0459495602847e-12,4.0
Ameriflux,San Joaquin (Freshwater Marsh Tower 2),US-SJ2,-117.855,33.6596,8.764552900864496,0.5539034788951279,7.677481237339342,14.330520629882814,23.127457365907137,0.0,3.0459495602847e-12,4.0
Ameriflux,Shark River Slough (Tower SRS-6)  Everglades,US-Skr,-81.0776,25.3629,,,99.13134765625,114.91968536376952,,,,16.0
Ameriflux,Silas Little- New Jersey,US-Slt,-74.596,39.9138,,,122.3958963377017,77.94152069091797,,51.28442126656516,,13.0
Ameriflux,Texas SmartFarm Project,US-SM1,-100.9537,36.3934,3.797038581266451,0.0,1.0937825303076736,9.196537017822266,,0.0,0.0,17.0
Ameriflux,Sherman Island,US-Snd,-121.754,38.0366,0.3058054772690814,0.0,2.560627359773019,12.720540521141976,3.705172666820756,5.436649322509767,18.159996032714844,17.0
Ameriflux,Sherman Island Restored Wetland,US-Sne,-121.7547,38.0369,0.3517713328856098,0.0,2.415696916732706,12.731319653732193,3.817271103473497,5.436649322509763,18.159996032714844,17.0
Ameriflux,Sherman Barn,US-Snf,-121.7272,38.0402,0.2269566868258807,0.0,1.8925543323224416,12.504311561584473,0.5206303003774888,5.436649322509765,18.159996032714844,17.0
Ameriflux,Sky Oaks- Old Stand,US-SO2,-116.6228,33.3738,9.144986380803136,2.212529073783793,16.26649462364649,22.94315528869629,17.096121708521878,2.063970804214478,55.34306716918945,4.0
Ameriflux,Sky Oaks- Young Stand,US-SO3,-116.6226,33.3771,11.763137462153558,3.320572957216168,15.440668671230192,22.94315528869629,16.666813141164457,2.063970804214478,55.34306716918945,4.0
Ameriflux,Sky Oaks- New Stand,US-SO4,-116.6406,33.3845,4.339520697832091,0.277037989606778,15.954720964370734,22.94315528869629,16.988489622358518,2.063970804214477,55.34306716918945,4.0
Ameriflux,Slashpine-Austin Cary- 65yrs nat regen,US-SP1,-82.2188,29.7381,,,104.18956655504668,72.20954895019531,,68.87075805664064,,3.0
Ameriflux,"Slashpine-Mize-clearcut-3yr,regen",US-SP2,-82.2448,29.7648,,,75.88400752646888,36.93823831685592,,68.8707580566406,,7.0
Ameriflux,Slashpine-Donaldson-mid-rot- 12yrs,US-SP3,-82.1633,29.7548,,,71.57079479971176,41.00397795439543,,55.04549435501609,,7.0
Ameriflux,Slashpine-Rayonier-mid-rot- 12yrs,US-SP4,-82.2031,29.8028,,,69.49027647574866,34.22422409057617,,67.96352024164723,,7.0
Ameriflux,Santa Rita Creosote,US-SRC,-110.8395,31.9083,0.0,0.0,1.586097951791858,11.92995548248291,0.2953171084206157,1.5605182647705085,12.70553005610857,17.0
Ameriflux,Santa Rita Grassland,US-SRG,-110.8277,31.7894,0.4109296299993153,0.0,4.822739913698095,11.92995548248291,7.059808613477725,10.402503013610842,52.312870025634766,17.0
Ameriflux,Santa Rita Mesquite,US-SRM,-110.8661,31.8214,0.0209006726924267,0.0,2.618866666115962,11.92995548248291,7.357463713926585,10.402503013610849,19.859975814819336,17.0
Ameriflux,Suisun marsh - Rush Ranch,US-Srr,-122.0264,38.2006,0.0817776995713032,0.6895464200113286,1.8228403098153865,22.51806259155273,18.264509668232503,9.75522708892822,56.03862833115564,17.0
Ameriflux,Santa Rita Savanna,US-SRS,-110.8508,31.8173,0.0951971868892855,0.0,3.0446312812446736,11.92995548248291,8.301845652265758,10.402503013610842,19.859975814819336,17.0
Ameriflux,Susquehanna Shale Hills Critical Zone Observatory,US-SSH,-77.9041,40.6658,,,191.57502083615927,68.92650604248047,,95.92797088623044,,8.0
Ameriflux,Saratoga,US-Sta,-106.8024,41.3966,,0.0,2.219392896849928,10.253133773803713,,8.04616546630859,1.6490208323743722,17.0
Ameriflux,St Jones Reserve,US-StJ,-75.4372,39.0882,,,29.38500495569356,,,55.73483768214168,,5.0
Ameriflux,Strawberry Swamp,US-StS,-79.2492,33.3302,,,155.5235388244837,104.66316223144533,,31.388685226440437,,13.0
Ameriflux,Sylvania Wilderness Area,US-Syv,-89.3477,46.242,,,,139.1789948219678,,91.69925689697268,,18.0
Ameriflux,"St. John, WA On-farm site Zone 1",US-SZ1,-117.5306,47.1245,0.037482357829559,,4.440153389544589,10.675437927246094,,2.571441650390626,10.731205940246582,17.0
Ameriflux,"St. John, WA On-farm site Zone 2",US-SZ2,-117.5271,47.1226,0.037470403956927,,4.367091961431651,10.675437927246094,,2.5714416503906232,10.731205940246582,17.0
Ameriflux,"St. John, WA On-farm site Zone 3",US-SZ3,-117.5267,47.1261,0.0374711892619003,,4.740553636739575,10.675437927246092,,2.571441650390626,10.731205940246582,17.0
Ameriflux,Taylor Slough/Panhandle,US-TaS,-80.6391,25.1908,,,11.627535827251812,,,0.0,,17.0
Ameriflux,Tall Cypress Swamp,US-TCS,-81.1017,25.8221,,,57.14608032190116,13.887719154357912,,27.177791445102116,,5.0
Ameriflux,Tenderfoot Creek Experimental Forest,US-TEF,-110.8851,46.9522,54.35581426059161,,90.76238706998564,131.83155822753906,,74.97007751464842,98.9920883178711,14.0
Ameriflux,Thompson Farm Forest,US-TFF,-70.9523,43.1084,,,149.26171901536958,105.88687896728516,,86.76229095458986,,16.0
Ameriflux,Tonzi Ranch,US-Ton,-120.966,38.4309,3.812464819942007,24.23293047010968,28.628187963401626,23.775894165039062,25.41767126357603,10.820810317993166,27.805683135986328,4.0
Ameriflux,Trout Bog,US-TrB,-89.6862,46.0412,,,110.63851885753624,139.33177185058594,,85.33000946044919,,18.0
Ameriflux,Trout Lake Area South Sparkling Bog,US-TrS,-89.7053,46.0034,,,132.3058035410906,138.29439448220938,,77.80168999217258,,18.0
Ameriflux,Turner Ranch,US-Tur,-111.2286,45.5571,0.2958380616388825,,4.526523494312788,13.816399574279783,,0.0,56.54713439941406,17.0
Ameriflux,Twitchell Wetland West Pond,US-Tw1,-121.6469,38.1074,0.2415634671622266,0.0367623824482246,2.3301665917920222,12.504311561584473,10.456041687550435,0.0,21.65004749897554,17.0
Ameriflux,Twitchell Corn,US-Tw2,-121.6365,38.0969,0.0872809192722946,0.0,2.196608647400117,12.50431156158447,2.851874795535191,0.0,12.2347426794351,17.0
Ameriflux,Twitchell Alfalfa,US-Tw3,-121.6469,38.1152,0.3104335530183163,0.00013203254020305443,2.2385318140812984,12.504311561584473,5.895150078294634,0.0,22.29594039916992,17.0
Ameriflux,Twitchell East End Wetland,US-Tw4,-121.6413,38.1027,0.307967153979807,0.0124942017223181,2.376096542550436,12.504311561584474,8.579669100735941,0.0,17.886240351999493,17.0
Ameriflux,East Pond Wetland,US-Tw5,-121.6426,38.1072,0.2457381135179775,0.0173867180174586,2.3718252477700603,12.504311561584474,9.0794290473955,0.0,21.532049407305152,17.0
Ameriflux,Twitchell Island,US-Twt,-121.6531,38.1087,0.2199743247148463,0.0376286461515315,2.2863517480608766,12.504311561584473,14.143603981892266,0.0,22.224911195328534,17.0
Ameriflux,Stiles Farm Prairie,US-Tx1,-97.2938,30.6176,,,3.5224787561538258,25.21706199645996,,1.7048722505569447,,4.0
Ameriflux,Riesel Farm Native Prairie,US-Tx2,-96.8827,31.4802,,,5.429304266175103,28.223896026611328,,2.790081262588499,,4.0
Ameriflux,Riesel Farm Aspirational Agriculture,US-Tx3,-96.8883,31.4777,,,4.888565588425626,28.223896026611328,,2.790081262588501,,4.0
Ameriflux,Riesel Farm Traditional Agriculture,US-Tx4,-96.8865,31.4693,,,4.613528002453664,28.223896026611325,,2.7900812625885,,4.0
Ameriflux,Texas A&M University Farm,US-Tx5,-96.4252,30.5328,,,7.308890331283507,37.70658493041992,,9.223347663879396,,11.0
Ameriflux,La Copita Grassland - Savanna,US-Tx6,-98.2089,27.6666,,,3.348662600732144,21.55224609375,,5.876376152038578,,4.0
Ameriflux,La Copita Shrubland - Savanna,US-Tx7,-98.2007,27.665,,,3.440358628843597,21.55224609375,,5.876376152038572,,4.0
Ameriflux,Danciger Lowland Hardwood Forest,US-Tx8,-95.829,29.1659,,,,20.500194549560547,,7.697099685668946,,4.0
Ameriflux,Sargent Unit Salt Marsh,US-Tx9,-95.6144,28.7805,,,14.137547492980955,13.684517860412598,,,,4.0
Ameriflux,LTAR UCB (Upper Chesapeake Bay) EC1,US-UC1,-78.0056,40.7536,,,141.9459652266713,83.97823504344689,,86.78526306152342,,16.0
Ameriflux,LTAR UCB (Upper Chesapeake Bay) EC2,US-UC2,-77.9998,40.7559,,,141.93900840572775,82.42852411957749,,86.78526306152351,,16.0
Ameriflux,East River Riparian,US-UG1,-106.9524,38.923,1.3863280929554158,11.970917581861348,34.48509775562007,14.691249847412108,,75.42276000976561,65.85589599609375,5.0
Ameriflux,University of Illinois Switchgrass,US-UiA,-88.1961,40.0646,,,4.7922059538670165,10.73948574066162,,0.0,,17.0
Ameriflux,University of Illinois Miscanthus,US-UiB,-88.1984,40.0628,,,4.454961877905261,10.73948574066162,,0.0,,17.0
Ameriflux,University of Illinois Maize-Soy,US-UiC,-88.1961,40.0628,,,4.170613930445622,10.73948574066162,,0.0,,17.0
Ameriflux,University of Illinois Restored Native Prairie,US-UiD,-88.1985,40.0646,,,5.209438656127979,10.73948574066162,,0.0,,17.0
Ameriflux,University of Illinois Sorghum-Soy,US-UiE,-88.2033,40.0629,,,4.980912562807282,10.73948574066162,,0.0,,17.0
Ameriflux,University of Illinois Miscanthus 2,US-UiF,-88.2015,40.0665,,,6.501338344844509,10.73948574066162,,0.0,,17.0
Ameriflux,University of Illinois Maize-Soy 2,US-UiG,-88.2009,40.0629,,,4.796803524692076,10.73948574066162,,0.0,,17.0
Ameriflux,ULM Flux Tower,US-ULM,-91.9743,32.457,,,170.6033921711271,48.96911239624024,,59.30747102324597,,13.0
Ameriflux,Douglas Lake,US-UM3,-84.6707,45.5686,,,183.5605941475524,84.12987518310547,,60.42409688008733,,16.0
Ameriflux,Univ. of Mich. Biological Station,US-UMB,-84.7138,45.5598,,,191.6470164310348,84.12987518310547,,62.01295471191408,,16.0
Ameriflux,UMBS Disturbance,US-UMd,-84.6975,45.5625,,,180.8357712309218,84.12987518310547,,62.01295471191406,,16.0
Ameriflux,UFLUX Bonneville Salt Flats,US-UTB,-113.8299,40.7848,0.0,0.0,0.0,8.428143501281738,,0.0,0.0,17.0
Ameriflux,UFLUX Dugout Ranch,US-UTD,-109.5952,38.1038,1.9802668069618703,0.2057947808382982,5.275887481930511,9.397926330566406,5.611305265612255,8.661753654479984,12.882374200036269,17.0
Ameriflux,UFLUX Matheson,US-UTM,-109.5775,38.5879,2.160889984801062,0.0127654197928445,14.565660783159322,8.444945335388184,36.60075935099969,7.443256378173829,6.550468444824219,4.0
Ameriflux,UFLUX Nephi,US-UTN,-111.8814,39.6896,0.0023563200074562,0.0,1.4173146866453086,10.734203338623049,,6.694870471954343,36.48202896118164,17.0
Ameriflux,UFLUX Desert View,US-UTV,-109.9546,40.1266,,0.2306788333241467,1.240695341038951,8.868215560913086,,0.0,2.3505659103393555,17.0
Ameriflux,UFLUX Wellington,US-UTW,-110.7288,39.4453,0.0,0.0,1.5152438783710511,9.23395538330078,,0.428724467754364,5.571077346801758,17.0
Ameriflux,Vaira Ranch- Ione,US-Var,-120.9508,38.4133,2.459255831669929,13.248784919917098,27.050958562124134,23.775894165039062,22.98339269880005,10.820810317993166,27.805683135986328,4.0
Ameriflux,Valles Caldera Mixed Conifer,US-Vcm,-106.5321,35.8884,23.67657972325585,45.639873479663855,28.75657602812399,36.00841522216797,,56.000885009765625,92.83678436279295,20.0
Ameriflux,Valles Caldera Ponderosa Pine,US-Vcp,-106.5967,35.8642,66.68810604445416,57.95667562918288,68.94289878237608,36.00841522216797,,100.52260589599616,92.5253292002912,7.0
Ameriflux,Valles Caldera Sulphur Springs Mixed Conifer,US-Vcs,-106.6142,35.9193,104.97121051407144,86.11161609777,101.45401195561656,36.00841522216797,,100.5226058959961,154.8845672607422,9.0
Ameriflux,Virginia Coast Reserve Fowling Point,US-VFP,-75.8333,37.4111,,,0.404300920503527,,,0.3439390737739459,,17.0
Ameriflux,Walker Branch Watershed,US-WBW,-84.2874,35.9588,,,166.23462171330448,91.84534454345705,,120.57734680175788,,16.0
Ameriflux,Willow Creek,US-WCr,-90.0799,45.8059,,,175.39139473063693,132.4522705078125,,64.18560791015624,,18.0
Ameriflux,Walden,US-Wdn,-106.2618,40.7838,,0.0,1.6726460716173093,11.585564403310618,,9.677491188049313,14.838720321655272,17.0
Ameriflux,West Edge Parking Lot,US-WEP,-70.9543,43.1421,,,119.39047414590657,105.88687896728516,,86.7622909545898,,16.0
Ameriflux,Willamette Grass,US-Wgr,-122.656,45.1129,31.398587744856684,,36.586158034836174,69.7401351928711,,71.78642654898744,46.92523956298828,20.0
Ameriflux,Walnut Gulch Lucky Hills Shrub,US-Whs,-110.0522,31.7438,0.0,0.0,2.1809198677420407,15.747584599970883,0.6327049123358076,7.984411754121435,10.375687599182127,17.0
Ameriflux,Young red pine (YRP),US-Wi0,-91.0814,46.6188,,,88.85696148963612,117.52467346191406,,72.88722991943355,,14.0
Ameriflux,Intermediate hardwood (IHW),US-Wi1,-91.2329,46.7305,,,143.37090740741027,117.52467346191406,,70.95999908447267,,18.0
Ameriflux,Intermediate red pine (IRP),US-Wi2,-91.1528,46.6869,,,89.30663117143943,117.52467346191406,,70.95999908447264,,14.0
Ameriflux,Mature hardwood (MHW),US-Wi3,-91.0987,46.6347,,,130.13097295572072,117.52467346191406,,72.73499965048227,,18.0
Ameriflux,Mature red pine (MRP),US-Wi4,-91.1663,46.7393,,,113.26434003663137,117.52467346191406,,70.95999908447267,,14.0
Ameriflux,Mixed young jack pine (MYJP),US-Wi5,-91.0858,46.6531,,,129.87428508743125,117.52467346191406,,70.95999908447261,,18.0
Ameriflux,Pine barrens #1 (PB1),US-Wi6,-91.2982,46.6249,,,37.24622901328193,114.072998046875,,60.03877001966665,,3.0
Ameriflux,Red pine clearcut (RPCC),US-Wi7,-91.0693,46.6491,,,58.366550266081575,117.52467346191403,,70.95999908447268,,14.0
Ameriflux,Young hardwood clearcut (YHW),US-Wi8,-91.2524,46.7223,,,170.93641205639378,115.4010684964094,,65.25382917232514,,16.0
Ameriflux,Young Jack pine (YJP),US-Wi9,-91.0746,46.7385,,,78.36881466223217,117.52467346191406,,70.95999908447264,,14.0
Ameriflux,Willard Juniper Savannah,US-Wjs,-105.8615,34.4255,0.0,0.0019456923003031,2.3201808770982795,8.798129081726074,,11.577199935913091,1.2779356241226196,17.0
Ameriflux,Walnut Gulch Kendall Grasslands,US-Wkg,-109.9419,31.7365,0.0,0.0,3.677111413214175,13.939786911010742,1.0760369083246653,1.9081659317016608,16.66621208190918,17.0
Ameriflux,Walnut River Watershed (Smileyburg),US-Wlr,-96.855,37.5208,,,3.4527386250392147,10.688872337341309,,4.680122375488281,,17.0
Ameriflux,Willamette Poplar,US-Wpp,-123.1824,44.1369,20.32968078068097,,29.24682491536299,56.86534881591797,,0.5750963687896729,42.2553596496582,11.0
Ameriflux,Winous Point North Marsh,US-WPT,-82.9962,41.4646,,,4.188828570388786,26.101268241685293,,20.2598819732666,,11.0
Ameriflux,Wind River Crane Site,US-Wrc,-121.9519,45.8205,244.4151453947082,,357.7268679625378,194.78326416015625,,320.5951232910158,819.6820678710938,19.0
Ameriflux,"Kress, TX no-till cotton and grain sorghum production",US-WT1,-101.8154,34.3674,0.0016568960670719,0.0,1.6808214035232976,8.752178192138672,,0.0,9.462017059326172,17.0
Ameriflux,Willamette Wheat,US-Wwt,-122.6664,45.1089,16.530316209247236,,37.92786389152858,69.7401351928711,,45.12048436044359,47.211685622172,20.0
Ameriflux,NEON Abby Road (ABBY),US-xAB,-122.3303,45.7624,284.2794466727312,,178.5199167090391,47.37191009521485,,214.56179809570307,572.9888305664064,21.0
Ameriflux,NEON Klemme Range Research Station (OAES),US-xAE,-99.0588,35.4106,,,2.263233771391901,9.835050582885742,,2.545603275299073,,17.0
Ameriflux,NEON Blandy Experimental Farm (BLAN),US-xBL,-78.0716,39.0603,,,66.68065581707896,107.0155792236328,,48.37750244140626,,3.0
Ameriflux,NEON Bartlett Experimental Forest (BART),US-xBR,-71.2873,44.0639,,,183.45246562918604,97.69615173339844,,151.97697448730466,,1.0
Ameriflux,NEON LBJ National Grassland (CLBJ),US-xCL,-97.57,33.4012,,,17.876589839317745,11.764260292053224,,3.689551591873169,,4.0
Ameriflux,NEON Central Plains Experimental Range (CPER),US-xCP,-104.7456,40.8155,,0.0,1.2686662626227194,9.621663533083264,,0.0,0.0,17.0
Ameriflux,NEON Dakota Coteau Field School (DCFS),US-xDC,-99.1066,47.1617,,,2.246997531647608,9.725722312927246,,0.0,,17.0
Ameriflux,NEON Dead Lake (DELA),US-xDL,-87.8039,32.5417,,,150.64877584273574,60.03411483764648,,95.63168387478215,,16.0
Ameriflux,NEON Disney Wilderness Preserve (DSNY),US-xDS,-81.4362,28.125,,,36.27477227360741,16.484647750854492,,34.68967437744141,,5.0
Ameriflux,"NEON Great Smoky Mountains National Park, Twin Creeks (GRSM)",US-xGR,-83.5019,35.689,,,221.78498822763171,90.54581210088824,,193.2015686035156,,1.0
Ameriflux,NEON Harvard Forest (HARV),US-xHA,-72.1727,42.5369,,,164.04487809504403,37.92121124267578,,114.92280578613284,,8.0
Ameriflux,NEON Jones Ecological Research Center (JERC),US-xJE,-84.4686,31.1948,,,77.41794736436367,31.63711929321289,,42.62213317031642,,7.0
Ameriflux,NEON Jornada LTER (JORN),US-xJR,-106.8425,32.5907,0.0,0.0,1.4716494034432437,8.355450630187988,,0.6454256772994998,1.755971074104309,17.0
Ameriflux,NEON Konza Prairie Biological Station - Relocatable (KONA),US-xKA,-96.6129,39.1104,,,24.64294197774568,10.838811874389648,,12.33336830139161,,4.0
Ameriflux,NEON Konza Prairie Biological Station (KONZ),US-xKZ,-96.5631,39.1008,,,7.487562571677685,10.838811874389648,,10.135107040405275,,4.0
Ameriflux,NEON Lenoir Landing (LENO),US-xLE,-88.1612,31.8539,,,132.8065337625922,82.32047271728516,,94.13296508789068,,16.0
Ameriflux,NEON Moab (MOAB),US-xMB,-109.3883,38.2483,0.0,0.0139270654443533,3.8919998225305976,9.785598164828022,0.5797415762023052,8.942613472115436,9.83701515197754,17.0
Ameriflux,NEON Mountain Lake Biological Station (MLBS),US-xML,-80.5248,37.3783,,,177.50176545689064,154.71128845214844,,108.7692565917969,,18.0
Ameriflux,NEON Northern Great Plains Research Laboratory (NOGP),US-xNG,-100.9154,46.7697,,,3.5167091649026228,11.011151313781737,,7.157633781433104,4.727197170257568,17.0
Ameriflux,NEON Onaqui-Ault (ONAQ),US-xNQ,-112.4524,40.1776,0.0,0.0,1.5951980565891408,9.84560489654541,,7.784394264221195,8.735177040100098,17.0
Ameriflux,NEON Niwot Ridge Mountain Research Station (NIWO),US-xNW,-105.5824,40.0543,,7.241565985087248,18.34933088006389,76.3296890258789,,76.99402618408205,108.78213500976562,3.0
Ameriflux,"NEON Rocky Mountain National Park, CASTNET (RMNP)",US-xRM,-105.5459,40.2759,,49.571585018609866,48.10970143159857,90.80390167236328,,72.52030225456132,118.8213653564453,3.0
Ameriflux,NEON Oak Ridge National Lab (ORNL),US-xRN,-84.2826,35.9641,,,162.47914239632303,91.84534454345705,,115.72899418638752,,16.0
Ameriflux,NEON Ordway-Swisher Biological Station (OSBS),US-xSB,-81.9934,29.6893,,,63.37133551054938,69.88598122965993,,42.73400115966797,,6.0
Ameriflux,NEON Smithsonian Conservation Biology Institute (SCBI),US-xSC,-78.1395,38.8929,,,334.2797546386719,115.21283721923828,,106.78276824951166,,0.0
Ameriflux,NEON Smithsonian Environmental Research Center (SERC),US-xSE,-76.56,38.8901,,,231.63613318121972,79.2204360961914,,48.51678466796878,,16.0
Ameriflux,NEON San Joaquin Experimental Range (SJER),US-xSJ,-119.7323,37.1088,1.6210939759021086,12.907310043909566,28.622811550326755,27.24946594238281,28.98208697348368,6.71970273098568,66.30735231064277,15.0
Ameriflux,"NEON North Sterling, CO (STER)",US-xSL,-103.0293,40.4619,,0.0189295048411209,1.326029471428241,9.97773551940918,,0.0,0.2027481943368911,17.0
Ameriflux,NEON Soaproot Saddle (SOAP),US-xSP,-119.2622,37.0334,174.76299914714377,184.8821314552496,58.33015740046448,39.37857055664063,171.01991500633542,178.0166015624999,301.6092834472656,22.0
Ameriflux,NEON Santa Rita Experimental Range (SRER),US-xSR,-110.8355,31.9107,0.0,0.0,1.5765497912406696,11.92995548248291,0.1785277709792045,1.5605182647705076,12.60093879699707,17.0
Ameriflux,NEON Steigerwaldt Land Services (STEI),US-xST,-89.5864,45.5089,,,105.8578475584182,128.05265243125086,,44.22495651245114,,14.0
Ameriflux,NEON Talladega National Forest (TALL),US-xTA,-87.3933,32.9505,,,228.29311635712145,85.78457641601561,,125.90326690673822,,1.0
Ameriflux,NEON Lower Teakettle (TEAK),US-xTE,-119.006,37.0058,141.22512272759067,226.94320729486216,113.17175863870412,40.415094092375234,248.40452603431623,176.30723571777352,176.82067625808833,23.0
Ameriflux,NEON Treehaven (TREE),US-xTR,-89.5857,45.4937,,,111.1408607767613,51.77639851138626,,44.22495651245117,,7.0
Ameriflux,NEON The University of Kansas Field Station (UKFS),US-xUK,-95.1921,39.0404,,,88.28698416884805,27.528268814086918,,29.088547144142005,,5.0
Ameriflux,NEON University of Notre Dame Environmental Research Center (UNDE),US-xUN,-89.5373,46.2339,,,155.03529197480623,139.33177185058594,,91.69925689697264,,18.0
Ameriflux,NEON Woodworth (WOOD),US-xWD,-99.2414,47.1282,,,4.150212799759744,9.71989962380559,,0.0,,17.0
Ameriflux,NEON Wind River Experimental Forest (WREF),US-xWR,-121.9519,45.8205,244.4151453947082,,357.7268679625378,194.78326416015625,,320.5951232910158,819.6820678710938,19.0
Ameriflux,NEON Yellowstone Northern Range (Frog Rock) (YELL),US-xYE,-110.5391,44.9535,7.98614327237332,,37.20772446113383,59.85466003417969,,36.563770294189446,79.86768341064453,20.0
Ameriflux,Yellow Cab urban,US-Ylw,-95.3536,29.7894,,,7.105864017673357,20.67003631591797,,8.727328300476072,,4.0
