dataset,site_name,site_id,X,Y,ESA CCI,Chopping et al.,GEDI L4B,Liu et al.,LT-GNN,Menlove & Healey,Xu et al.
NEON,Harvard Forest,HARV,-72.17265999999995,42.53690000000006,NA,NA,164.08071920201135,37.92121124267578,NA,114.92280578613284,NA
NEON,Smithsonian Conservation Biology Institute,SCBI,-78.13949999999994,38.89292000000006,NA,NA,334.2797546386719,115.21283721923828,NA,106.78276824951169,NA
NEON,Ordway-Swisher Biological Station,OSBS,-81.99342999999999,29.68927000000008,NA,NA,63.37915526990175,69.8902869866861,NA,42.73400115966798,NA
NEON,Guanica Forest,GUAN,-66.86869999999993,17.96955000000003,NA,NA,NA,NA,NA,NA,NA
NEON,UNDERC,UNDE,-89.53724999999997,46.23388000000006,NA,NA,155.06964287223695,139.33177185058594,NA,91.69925689697257,NA
NEON,Konza Prairie Biological Station,KONZ,-96.56308999999999,39.10077000000007,NA,NA,7.4775508168800116,10.838811874389648,NA,10.13510704040527,NA
NEON,Oak Ridge,ORNL,-84.28259999999995,35.96412000000004,NA,NA,162.48270185368082,91.84534454345703,NA,115.70589008374559,NA
NEON,Talladega National Forest,TALL,-87.39326999999997,32.95046000000008,NA,NA,228.3554913688354,85.784576416015625,NA,125.90326690673825,NA
NEON,Woodworth,WOOD,-99.24135599999994,47.12822800000004,NA,NA,4.161301533816176,9.719982071400445,NA,0,NA
NEON,Central Plains Experimental Range,CPER,-104.745602469,40.81553413400008,NA,0,1.2686890065322318,9.621728304071983,NA,0,0
NEON,LBJ National Grassland,CLBJ,-97.56999999999994,33.40123000000006,NA,NA,17.868777801463494,11.764260292053223,NA,3.6895515918731707,NA
NEON,Yellowstone Northern Range (Frog Rock),YELL,-110.53914,44.95348000000007,7.984610350218362,NA,37.20221154716159,59.85466003417969,NA,36.563770294189425,79.86768341064453
NEON,Niwot Ridge Mountain Research Station,NIWO,-105.58237,40.05425000000003,NA,7.325276756761507,18.36632388367807,76.3296890258789,NA,76.99402618408205,108.78213500976562
NEON,Santa Rita Experimental Range,SRER,-110.83549,31.91068000000007,0,0,1.5765244662432194,11.92995548248291,0.1787477273160833,1.5605182647705091,12.60093879699707
NEON,Onaqui,ONAQ,-112.45244,40.17759000000007,0,0,1.5952767515412853,9.84560489654541,NA,7.78439426422119,8.735177040100098
NEON,Wind River Experimental Forest,WREF,-121.951912,45.82048800000007,244.42905363742184,NA,357.71412590536136,194.78326416015625,NA,320.59512329101574,819.68206787109375
NEON,San Joaquin,SJER,-119.73228,37.10878000000002,1.6218796749661994,12.911922508554921,28.62540995412152,27.249465942382812,28.97867056642402,6.710339065870314,66.29370653246828
NEON,Toolik Lake,TOOL,-149.37047,68.66109000000006,NA,NA,NA,NA,NA,NA,NA
NEON,Caribou-Poker Creeks Research Watershed,BONA,-147.50258,65.15401000000003,NA,NA,NA,NA,NA,NA,NA
NEON,Caribou-Poker Creeks Research Watershed,BONA,-147.50258,65.15401000000003,NA,NA,NA,NA,NA,NA,NA
NEON,Pu'u Maka'ala Natural Area Reserve,PUUM,-155.31731,19.55309000000005,NA,NA,NA,NA,NA,NA,NA
Ameriflux,ARM-SGP Medford hay pasture,US-A32,-97.8198,36.8193,NA,NA,1.5125311333228766,9.241511344909668,NA,0.04930311441421507,NA
Ameriflux,ARM-SGP-Morrison,US-A39,-96.069,36.3776,NA,NA,58.81318761359901,11.235669136047363,NA,16.385580901893892,NA
Ameriflux,ARM SGP milo field,US-A74,-97.5489,36.8085,NA,NA,1.8447977391983037,9.952825546264648,NA,0.7866505980491632,NA
Ameriflux,Arkansas Grassland,US-AaG,-91.6282,33.1105,NA,NA,34.45238378430261,70.458831787109375,NA,23.470457077026364,NA
Ameriflux,Acton Lake Flux Tower Site,US-Act,-84.755,39.582,NA,NA,130.83259406696254,16.741094865114533,NA,28.85890197568609,NA
Ameriflux,Amargosa Desert Research Site (ADRS),US-ADR,-116.6933,36.7653,0,0,0.015657345226068667,8.858436584472656,0,0,2.35007744234559
Ameriflux,MPG - Apricot Lane Farms,US-AF1,-118.9244,34.3108,6.1133705767343685,2.9805592163766943,25.413224114064445,16.068876266479492,38.27850288108922,0,57.357391357421875
Ameriflux,Savannah River Site,US-Akn,-81.5653,33.3825,NA,NA,130.94284057617188,49.52075958251953,NA,129.59916645325686,NA
Ameriflux,Allequash Creek Site,US-ALQ,-89.6067,46.0308,NA,NA,122.05219606799868,139.33177185058594,NA,59.995025634765646,NA
Ameriflux,Argonne Testbed for Multiscale Observational Science (ATMOS),US-AMS,-87.9963,41.7018,NA,NA,66.46163309933095,48.45542396854878,NA,15.054048543236954,NA
Ameriflux,Low Density Apple Orchard,US-AoL,-85.7648,43.2513,NA,NA,50.77234176381435,47.64736246010457,NA,77.04673799958326,NA
Ameriflux,ARM USDA UNL OSU Woodward Switchgrass 1,US-AR1,-99.42,36.4267,NA,0.574486194209488,4.391789575366253,11.363643646240234,NA,0,NA
Ameriflux,ARM USDA UNL OSU Woodward Switchgrass 2,US-AR2,-99.5975,36.6358,NA,0,3.992512897600917,10.82253360748291,NA,1.5844595160101755,NA
Ameriflux,ARM Southern Great Plains burn site- Lamont,US-ARb,-98.0402,35.5497,NA,NA,2.504121439612042,10.082136154174805,NA,3.2476708889007586,NA
Ameriflux,ARM Southern Great Plains control site- Lamont,US-ARc,-98.04,35.5465,NA,NA,2.3917433204697307,10.082136154174805,NA,3.246173512117066,NA
Ameriflux,ARM Southern Great Plains site- Lamont,US-ARM,-97.4888,36.6058,NA,NA,1.7270547478739995,10.06735347431817,NA,0.7866505980491638,NA
Ameriflux,USSL San Joaquin Valley Almond High Salinity,US-ASH,-120.201,36.1697,12.410898002068267,0.3404599910695453,10.832120640385316,20.506656646728516,14.846988566617332,0,3.743101442697547
Ameriflux,USSL San Joaquin Valley Almond Low Salinity,US-ASL,-120.1024,36.9466,0.4365597322568594,0.259769451119015,3.8137591107965987,18.284780502319336,1.0596516618163316,0,17.71551386570074
Ameriflux,USSL San Joaquin Valley Almond Medium Salinity,US-ASM,-120.2026,36.1777,10.094355396587813,0.13116530056868245,10.563396059246983,20.506656646728516,14.78150331461064,0,2.9871692761996322
Ameriflux,Audubon Research Ranch,US-Aud,-110.5104,31.5907,0.002612068602879875,0.2325263280633322,3.737837236801375,18.604071367431708,9.426646236327812,5.682248592376708,24.773749114812176
Ameriflux,Bartlett Experimental Forest,US-Bar,-71.2881,44.0646,NA,NA,183.51242259723037,97.69615173339842,NA,151.9769744873047,NA
Ameriflux,Blue Cypress Marsh,US-BCM,-80.7114,27.6953,NA,NA,11.48713563429492,37.724578857421875,NA,1.0196605920791622,NA
Ameriflux,Burdette Farm Rice Field - 4N,US-Bd4,-89.9862,35.8139,NA,NA,13.425038811907008,9.452239036560059,NA,11.086597442626955,NA
Ameriflux,Burdette Farm Rice Field - Seagraves South,US-Bd5,-90.0194,35.8105,NA,NA,12.651954820768728,47.35218811035156,NA,11.086597442626955,NA
Ameriflux,Burdette Farm Rice - Seagraves North,US-Bd6,-90.0194,35.814,NA,NA,12.141902486758799,47.35218811035156,NA,11.086597442626951,NA
Ameriflux,Burdette Farm Rice Field - AWD,US-BdA,-90.0327,35.8089,NA,NA,11.496728060643207,47.35218811035156,NA,11.086597442626958,NA
Ameriflux,Burdette Farm Rice Field - conventional,US-BdC,-90.0284,35.8089,NA,NA,11.67337946928838,47.35218811035156,NA,11.086597442626953,NA
Ameriflux,Big Chico Creek,US-BgC,-121.8135,39.8125,0.5690636204324089,0.26462962771664045,23.419045725615458,11.795332908630373,5.986332726422146,100.68688417216305,98.43888854980469
Ameriflux,Bouldin Island Alfalfa,US-Bi1,-121.4993,38.0992,0.8822480812877898,0.04835866770943248,3.319234930838251,12.444383309108819,4.36470448110822,0,25.74139635202284
Ameriflux,Bouldin Island corn,US-Bi2,-121.5351,38.1091,0.5021347946289223,0,2.7002217297303686,12.504311561584473,1.513060153545499,0,3.369460320181263
Ameriflux,Brookings,US-Bkg,-96.8362,44.3453,NA,NA,5.383610052387863,10.414169311523438,NA,0,NA
Ameriflux,Black Hills,US-Blk,-103.65,44.158,NA,NA,37.02771222852685,90.39855194091797,NA,60.37462791640819,58.67629623413087
Ameriflux,Blodgett Forest,US-Blo,-120.6328,38.8953,232.22974699777382,132.04907004354308,131.5174945704854,56.27831268310546,212.74312169896305,191.84816044251843,345.3463219758746
Ameriflux,Bangtail Mountain Meadow,US-BMM,-110.7776,45.783,25.121226050670046,NA,43.351174438011114,95.32366180419922,NA,43.76169586181641,64.60357666015625
Ameriflux,Bondville,US-Bo1,-88.2904,40.0062,NA,NA,3.410536198146013,10.644199495562328,NA,0,NA
Ameriflux,Bondville (companion site),US-Bo2,-88.29,40.009,NA,NA,3.3860211492410066,10.634089871832025,NA,0,NA
Ameriflux,Brooks Field Site 10- Ames,US-Br1,-93.6906,41.9749,NA,NA,1.6542833247521092,11.291038513183594,NA,16.19391059875488,NA
Ameriflux,Brooks Field Site 1011- Ames,US-Br2,-93.6925,41.9757,NA,NA,1.7326475112208592,11.291038513183594,NA,16.193910598754886,NA
Ameriflux,Brooks Field Site 11- Ames,US-Br3,-93.6936,41.9747,NA,NA,1.8131846955544237,11.291038513183594,NA,16.193910598754876,NA
Ameriflux,Bayles Road Grassland Tower,US-BRG,-86.5406,39.2167,NA,NA,103.18557119190865,51.23646545410156,NA,118.23437499999999,NA
Ameriflux,Burns Sagebrush,US-Bsg,-119.6909,43.4712,0,0,1.3466478513763758,9.49027156829834,NA,0,0.6907772205183635
Ameriflux,Barnstable Great Marsh,US-BSM,-70.3644,41.7297,NA,NA,68.45136251459388,92.08142852783203,NA,12.850929128718635,NA
Ameriflux,INFLUX - NIST Turfgrass Site,US-BWa,-77.2175,39.1389,NA,NA,41.60210289686067,92.21760559082031,NA,67.42100022289651,NA
Ameriflux,INFLUX - Montgomery County pasture site,US-BWb,-77.4509,39.1955,NA,NA,58.37662757745444,33.820919036865234,NA,71.68158721923827,NA
Ameriflux,Canaan Valley,US-CaV,-79.4208,39.0633,NA,NA,83.37325813166882,188.1053466796875,NA,114.98886871337892,NA
Ameriflux,Coloma Corn 1,US-CC1,-89.6787,44.0732,NA,NA,42.86880874633789,34.745628356933594,NA,57.65976017879416,NA
Ameriflux,Coloma Corn 2,US-CC2,-89.6196,44.1039,NA,NA,49.59022248497964,34.745628356933594,NA,19.64471244812012,NA
Ameriflux,Cedar Mesa,US-CdM,-109.7471,37.5241,0.004180974168123552,6.952002076533125,7.028342816472344,12.298438027023357,14.368285912890125,25.158084869384783,24.53216552734375
Ameriflux,Cedar Bridge,US-Ced,-74.3791,39.8379,NA,NA,71.69907538131129,89.38007354736328,NA,37.539615631103516,NA
Ameriflux,CAF-LTAR Cook East,US-CF1,-117.0821,46.7815,0.14216301196501957,NA,3.2189854151750494,11.944751739501953,NA,0,18.759319305419922
Ameriflux,CAF-LTAR Cook West,US-CF2,-117.0908,46.784,0.04984459499156766,NA,3.364814995724988,11.944751739501953,NA,0,19.610502754118308
Ameriflux,CAF-LTAR Boyd North,US-CF3,-117.1261,46.7551,0.04535081149091446,NA,3.949723124503169,11.901940125558951,NA,0,27.571012496948246
Ameriflux,CAF-LTAR Boyd South,US-CF4,-117.1285,46.7518,0.14838289554289974,NA,4.702201579360296,11.845371670126019,NA,0,27.571012496948246
Ameriflux,Concord Grazed Grassland,US-CGG,-121.9761,37.938,3.1251874799069297,0.6868039880566087,10.340817448046645,12.299274444580076,12.211271379565256,5.466663876066327,50.647666931152344
Ameriflux,Chestnut Ridge,US-ChR,-84.3324,35.9311,NA,NA,195.3016435636245,91.84534454345703,NA,120.57734680175787,NA
Ameriflux,Cole Farm,US-CLF,-77.9424,40.6366,NA,NA,406.98911131816794,68.92650604248047,NA,94.84812558983117,NA
Ameriflux,Charleston Mesquite Woodland,US-CMW,-110.1777,31.6637,0.4084477930734871,0.009367439373652786,15.780191590133148,15.77459716796875,28.28973351357186,1.0219408273696897,10.44324016571045
Ameriflux,Corral Pocket,US-Cop,-109.39,38.09,0.15399293439629508,0.5882527671143345,3.3961915592751133,9.836682319641113,2.282635875279781,8.661753654479975,5.214308537370964
Ameriflux,Chimney Park,US-CPk,-106.1187,41.068,NA,90.91961285172125,29.91511891498397,31.62019157409668,NA,67.41014099121092,78.44928741455078
Ameriflux,Davy Crockett National Forest,US-CRK,-95.3415,31.4629,NA,NA,163.93907159068755,97.343048095703125,NA,67.37595367431639,NA
Ameriflux,Curtice Walter-Berger cropland,US-CRT,-83.3471,41.6285,NA,NA,16.20322484332472,11.07299518585205,NA,0,NA
Ameriflux,Central Sands Irrigated Agricultural Field,US-CS1,-89.5379,44.1031,NA,NA,25.888461087925908,34.745628356933594,NA,19.64471244812012,NA
Ameriflux,Tri county school Pine Forest,US-CS2,-89.5002,44.1467,NA,NA,71.10293977073715,36.089921416845044,NA,19.644712448120107,NA
Ameriflux,Central Sands Irrigated Agricultural Field,US-CS3,-89.5727,44.1394,NA,NA,15.862073569242254,34.745628356933594,NA,19.644712448120124,NA
Ameriflux,Central Sands Irrigated Agricultural Field,US-CS4,-89.5475,44.1597,NA,NA,21.521470991622174,34.745628356933594,NA,19.64471244812011,NA
Ameriflux,Central Sands Irrigated Agricultural Field,US-CS5,-89.5377,44.1095,NA,NA,25.089440305910536,34.745628356933594,NA,19.644712448120117,NA
Ameriflux,Central Sands Irrigated Agricultural Field,US-CS6,-89.544,44.4297,NA,NA,23.805311728798348,34.309207916259766,NA,31.035287857055675,NA
Ameriflux,Central Sands Forest,US-CS7,-89.5443,44.4375,NA,NA,34.85656987219389,34.309207916259766,NA,31.035287857055675,NA
Ameriflux,Central Sands Irrigated Agricultural Field,US-CS8,-89.5364,44.4338,NA,NA,30.721275316599414,34.309207916259766,NA,31.035287857055682,NA
Ameriflux,Crossett Experimental Forest,US-Cst,-91.9204,33.0442,NA,NA,124.27169209135741,39.34800720214844,NA,77.36464691162111,NA
Ameriflux,Cottonwood,US-Ctn,-101.8466,43.95,NA,NA,3.576449022275244,11.554893493652344,NA,0,0.2612605392932892
Ameriflux,Coweeta Grassland,US-CwG,-83.3951,34.9682,NA,NA,135.32836862928457,126.64522552490233,NA,159.74365234375009,NA
Ameriflux,Coweeta,US-Cwt,-83.4275,35.0592,NA,NA,210.1076838140671,167.30657958984375,NA,159.74365234374997,NA
Ameriflux,"Central Plains Experimental Range 1, Nunn, Colorado",US-CX1,-104.76,40.833,NA,0,1.4710560676328728,9.848169332017706,NA,0,0
Ameriflux,"Central Plains Experimental Range 2, Nunn, Colorado",US-CX2,-104.7672,40.8402,NA,0,1.4763229572069396,9.8610200881958,NA,0,0
Ameriflux,"Sierra Critical Zone, Sierra Transect, Oak/Pine Woodland, San Joaquin Experimental Range",US-CZ1,-119.7313,37.1088,1.5635213765154177,12.985421346861918,28.64451671179471,27.249465942382812,28.315807598245716,6.655342119909522,66.30617684726036
Ameriflux,"Sierra Critical Zone, Sierra Transect, Ponderosa Pine Forest, Soaproot Saddle",US-CZ2,-119.2566,37.0311,175.43043751734675,191.68976531730266,53.705762722015166,39.54508806656295,178.8920413731961,178.01660156250003,301.6092834472656
Ameriflux,"Sierra Critical Zone, Sierra Transect, Sierran Mixed Conifer, P301",US-CZ3,-119.1951,37.0674,175.40635522131964,214.00107349000245,134.5929148710885,40.47774887084961,245.30458689614426,178.01660156250006,295.8236284299763
Ameriflux,"Sierra Critical Zone, Sierra Transect, Subalpine Forest, Shorthair",US-CZ4,-118.9867,37.0675,75.30203894887211,285.37207763857856,74.98024210248117,39.12983322143555,181.69290844070656,146.29292297363267,169.82998657226562
Ameriflux,Berkeley Way West,US-DBk,-122.2684,37.8736,5.934078490729098,13.712789420124631,7.6016871781605655,NA,24.02384714605462,21.60715675354005,0
Ameriflux,Dwarf Cypress Swamp,US-DCS,-80.9078,25.7626,NA,NA,24.110201598342215,13.796663284301758,NA,22.513526916503924,NA
Ameriflux,California UC ANR Desert Research and Extension Center Alfalfa,US-Dea,-115.4423,32.8136,0.020136915653824354,0,1.7156362822297226,11.294845581054688,2.6567907110817375,0,11.866992950439453
Ameriflux,California UC ANR Desert Research and Extension Center Urban Farm Tower,US-Deu,-115.4456,32.8056,0.08247579210085892,0,1.6203663916742297,11.294845581054688,2.8894997934599047,0,12.471339948259226
Ameriflux,"US Dairy Forage Research Center, Prairie du Sac",US-DFC,-89.7117,43.3448,NA,NA,29.49960643910473,35.061195373535156,NA,17.99311637878417,NA
Ameriflux,Dairy Forage Research Center - Kernza,US-DFK,-89.7154,43.3453,NA,NA,28.414795026396924,35.061195373535156,NA,17.993116378784183,NA
Ameriflux,Diablo,US-Dia,-121.5296,37.6773,0,0,4.943073987864199,17.963218688964844,0.22906798103684078,5.460383313597831,28.086708068847656
Ameriflux,Fort Dix,US-Dix,-74.4346,39.9712,NA,NA,72.03638843676363,89.38007354736328,NA,73.0812759399414,NA
Ameriflux,Duke Forest-open field,US-Dk1,-79.0934,35.9712,NA,NA,208.77357715781375,47.67133712768555,NA,74.70080566406253,NA
Ameriflux,Duke Forest-hardwoods,US-Dk2,-79.1004,35.9736,NA,NA,231.06533365552346,47.67133712768555,NA,74.70080566406251,NA
Ameriflux,Duke Forest - loblolly pine,US-Dk3,-79.0942,35.9782,NA,NA,219.8998812707989,47.67133712768555,NA,74.70080566406251,NA
Ameriflux,Dutch Slough Marsh Gilbert Tract,US-Dmg,-121.6691,38.0015,0.14027134432998478,0.019296033096768535,3.734083956866585,12.78257313762465,6.76424124036016,5.4366493225097665,9.1735678604115
Ameriflux,Disney Wilderness Preserve Pine Flatwoods,US-DPP,-81.419,28.1046,NA,NA,29.85749304968613,16.484647750854492,NA,34.6896743774414,NA
Ameriflux,Disney Wilderness Preserve Wetland,US-DPW,-81.4361,28.0521,NA,NA,33.88655838590958,16.484647750854492,NA,34.68967437744142,NA
Ameriflux,Staten Corn 1,US-DS1,-121.539,38.1335,0.007229265837764606,0,1.569077291376366,12.50431156158447,0.5823983669324819,0,3.368778705596924
Ameriflux,Staten Corn 2,US-DS2,-121.514,38.1375,0.9236919345883653,0,1.5515604424626253,12.50431156158447,1.9724263448692732,0,3.368778705596924
Ameriflux,Staten Rice 1,US-DS3,-121.549,38.1235,0,0,2.0507024582373066,12.504311561584473,2.365130367851197,0,3.368778705596924
Ameriflux,EAA Field Research Park Woodland,US-EA4,-98.3816,29.6633,NA,NA,35.10267499546032,26.59292793273926,NA,9.722003019008584,NA
Ameriflux,Uvalde Ranch Mesquite Woodland,US-EA5,-99.9576,29.3584,NA,NA,9.961391537482685,28.22995376586914,NA,12.083471298217779,NA
Ameriflux,Camp Wood Shield Ranch Oak Savannah,US-EA6,-99.9588,29.6561,NA,NA,23.58479864806756,39.778961181640625,NA,16.63487572777367,NA
Ameriflux,Eden Landing Ecological Reserve,US-EDN,-122.114,37.6156,0,0,1.7857651593982136,10.511804580688477,NA,NA,0
Ameriflux,Elkhorn Slough Hester Marsh,US-EKH,-121.7523,36.8094,4.733285719650106,0.9726946436268672,37.773332132742965,65.62194061279297,11.17895163040206,0,251.92707824707028
Ameriflux,Elkhorn Slough North Marsh,US-EKN,-121.7328,36.8357,17.591800439275165,26.298453611109874,48.52715031818362,65.62194061279297,50.9620329740185,0,251.92707824707028
Ameriflux,Elkhorn Slough Porter Marsh,US-EKP,-121.7488,36.8558,9.77224430514794,31.104290617520736,27.431736053531356,65.62194061279297,73.02295889295021,0,251.9270782470703
Ameriflux,Elkhorn Slough Yampah Marsh,US-EKY,-121.7487,36.8105,4.499048673974737,0.5287799102364336,17.64491324134833,65.62194061279297,9.669741545716278,0,251.92707824707034
Ameriflux,Everglades (long hydroperiod marsh),US-Elm,-80.7826,25.5519,NA,NA,8.234140751519558,44.234710693359375,NA,0,NA
Ameriflux,Edwards Plateau Martin,US-EPM,-99.8619,30.8167,NA,NA,6.20364898558272,20.6430721282959,NA,18.76957321166991,NA
Ameriflux,Everglades (short hydroperiod marsh),US-Esm,-80.5946,25.4379,NA,NA,4.406925197894981,50.319828033447266,NA,8.31681632995605,NA
Ameriflux,Everglades Saltwater intrusion marsh,US-EvM,-80.381,25.3539,NA,NA,3.010697743318318,NA,NA,1.1283162832260132,NA
Ameriflux,Bob Allen Key LTER East,US-FBE,-80.6814,25.0266,NA,NA,NA,NA,NA,NA,NA
Ameriflux,Flagstaff - Managed Forest,US-Fmf,-111.7273,35.1426,16.389433335225807,69.03978455912457,99.54214913060635,101.82066345214844,67.80151362804372,81.7250442504883,78.94586181640625
Ameriflux,Fort Peck,US-FPe,-105.1019,48.3077,NA,NA,1.9803456839729703,9.93378734588623,NA,0,0.13223446136288086
Ameriflux,Freeman Ranch- Grassland,US-FR1,-98.01,29.93,NA,NA,27.7056499211803,32.55236040877581,NA,24.155633926391594,NA
Ameriflux,Freeman Ranch- Mesquite Juniper,US-FR2,-97.9962,29.9495,NA,NA,31.389055806833593,34.20857074705859,NA,24.15563392639162,NA
Ameriflux,Freeman Ranch- Woodland,US-FR3,-97.99,29.94,NA,NA,36.80611835641098,34.82507146413388,NA,24.155633926391594,NA
Ameriflux,Flagstaff - Unmanaged Forest,US-Fuf,-111.762,35.089,82.87392862612268,85.52546988920572,78.03766031410568,33.3759880065918,94.04987129105612,81.91268157958989,124.45143127441406
Ameriflux,Flagstaff - Wildfire,US-Fwf,-111.7718,35.4454,5.939955818144775,32.738551133570866,41.78809580221378,97.03620910644531,49.3176179333127,44.489875793457045,81.07381439208984
Ameriflux,GLEES Brooklyn Tower,US-GBT,-106.2397,41.3658,NA,54.889933638476045,50.35014289126428,86.65321592214532,NA,76.59161376953126,90.8200454711914
Ameriflux,Georgia Coastal Ecosystems LTER Flux Tower,US-GCE,-81.2835,31.4441,NA,NA,43.154980420972294,83.17838287353516,NA,18.956510543823246,NA
Ameriflux,Stannard Rock,US-GL1,-87.2251,47.1835,NA,NA,NA,NA,NA,NA,NA
Ameriflux,Granite Island,US-GL2,-87.4,46.7167,NA,NA,NA,108.12675476074219,NA,NA,NA
Ameriflux,GLEES,US-GLE,-106.2399,41.3665,NA,56.36109344096097,50.608789276406924,86.34145423389502,NA,76.59161376953121,90.8200454711914
Ameriflux,Great Mountain Forest,US-GMF,-73.2333,41.9667,NA,NA,150.3950319531616,44.48945999145508,NA,189.14848327636707,NA
Ameriflux,Goodwin Creek,US-Goo,-89.8735,34.2547,NA,NA,84.17242381959223,67.5963696335111,NA,69.6783676147461,NA
Ameriflux,"Genesee, ID On-farm site Zone 1",US-GZ1,-116.8068,46.5008,0.029247158002232345,NA,6.616730076650592,12.369418917291231,NA,0,32.40297263509383
Ameriflux,"Genesee, ID On-farm site Zone 2",US-GZ2,-116.8047,46.4978,0.038330377823744786,NA,8.692924205008666,12.325999473588983,NA,0,32.03340015302249
Ameriflux,"Genesee, ID On-farm site Zone 3",US-GZ3,-116.8019,46.4949,0.16082986120775153,NA,11.405590440765131,12.287346486748573,NA,0,30.829737107762902
Ameriflux,Harvard Forest EMS Tower (HFR1),US-Ha1,-72.1715,42.5378,NA,NA,165.36728966391433,37.92121124267578,NA,114.92280578613283,NA
Ameriflux,Harvard Forest Hemlock Site,US-Ha2,-72.1779,42.5393,NA,NA,181.63698818050207,37.92121124267578,NA,114.92280578613273,NA
Ameriflux,North Inlet Crab Haul Creek,US-HB1,-79.1957,33.3455,NA,NA,117.32384086190058,NA,NA,31.38868522644044,NA
Ameriflux,Hobcaw Barony Mature Longleaf Pine,US-HB2,-79.244,33.3242,NA,NA,146.6903586792794,104.66316223144531,NA,31.388685226440423,NA
Ameriflux,Hobcaw Barony Longleaf Pine Restoration,US-HB3,-79.2322,33.3482,NA,NA,119.94753250498168,NA,NA,31.388685226440444,NA
Ameriflux,Minim Creek Brackish Impoundment,US-HB4,-79.2975,33.2015,NA,NA,19.472335301633763,98.68402862548828,NA,30.361152648925792,NA
Ameriflux,Hubbard Brook Experimental Forest,US-HBK,-71.7181,43.9397,NA,NA,187.40569977644077,52.58859634399414,NA,130.18925476074216,NA
Ameriflux,Hanford 300 Area,US-Hn1,-119.275,46.4089,0,NA,3.008029157063169,9.334315299987793,NA,0,5.499685331655099
Ameriflux,Hanford 100H grassland,US-Hn2,-119.4641,46.6889,0.0020983227941104767,NA,2.9943648216441807,9.442992210388184,NA,0,0
Ameriflux,Hanford 100H sagebrush,US-Hn3,-119.4614,46.6878,0.0020986315620597456,NA,3.9259538987680447,9.442992210388184,NA,0,0
Ameriflux,Howland Forest (main tower),US-Ho1,-68.7402,45.2041,NA,NA,108.86947540118813,36.34164639394525,NA,65.87928009033206,NA
Ameriflux,Howland Forest (west tower),US-Ho2,-68.747,45.2091,NA,NA,114.24522939621455,37.20229413235395,NA,65.87928009033203,NA
Ameriflux,Howland Forest (harvest site),US-Ho3,-68.725,45.2072,NA,NA,78.27367091480158,36.13814926147461,NA,65.87928009033202,NA
Ameriflux,Hawk Property,US-HPY,-74.0853,40.7692,NA,NA,9.164917742686704,8.624485969543457,NA,10.920965440829896,NA
Ameriflux,Humnoke Farm Rice Field – Field A,US-HRA,-91.7517,34.5852,NA,NA,7.064619216536852,10.234103135260176,NA,8.98437752987728,NA
Ameriflux,Humnoke Farm Rice Field – Field C,US-HRC,-91.7517,34.5888,NA,NA,6.465471520558626,10.234103031240997,NA,7.59299225545749,NA
Ameriflux,Humnoke Carr North Rice Field,US-HRN,-91.7132,34.5955,NA,NA,27.827333563859995,10.232397079467773,NA,7.404955387115483,NA
Ameriflux,Herring River Phragmites,US-HRP,-70.0552,41.938,NA,NA,66.9357546516893,NA,NA,88.69389330765927,NA
Ameriflux,Humnoke Carr South Rice Field,US-HRS,-91.7138,34.5922,NA,NA,33.26499953247676,10.232397079467773,NA,7.4049553871154785,NA
Ameriflux,Hill Slough Marsh,US-Hsm,-122.0212,38.2368,0.5901436812090889,1.8907254058334912,1.321621677045105,22.518062591552734,12.059601699869873,9.755227088928223,55.473209381103516
Ameriflux,USDA ARS Pasture Sytems and Watershed Management Research Unit- Hawbecker Site,US-HWB,-77.8488,40.8608,NA,NA,53.55274566831941,75.4464111328125,NA,86.7852630615235,NA
Ameriflux,Fermi National Accelerator Laboratory- Batavia (Agricultural site),US-IB1,-88.2227,41.8593,NA,NA,9.990220021950707,8.833524703979492,NA,6.866088867187499,NA
Ameriflux,Fermi National Accelerator Laboratory- Batavia (Prairie site),US-IB2,-88.241,41.8406,NA,NA,9.629087438098193,9.651155533965037,NA,5.699978228055236,NA
Ameriflux,Paspalum notatum long rotational grazing,US-IL1,-81.1996,27.1879,NA,NA,15.753291034270651,18.057926177978516,NA,0.4467744827270506,NA
Ameriflux,INFLUX - Cemetery Turfgrass Tower,US-INa,-86.179,39.8273,NA,NA,78.4515010660212,10.181988716125488,NA,0.9612076282501221,NA
Ameriflux,INFLUX - Golf Course,US-INb,-86.0024,39.8706,NA,NA,72.55415091894973,10.277446095435716,NA,12.800680160522454,NA
Ameriflux,INFLUX - Downtown Indianapolis (Site-3),US-INc,-86.1652,39.7833,NA,NA,10.312974402153795,10.181988716125488,NA,0.9612076282501223,NA
Ameriflux,INFLUX - Agricultural Site East near Pittsboro,US-INd,-86.5005,39.8645,NA,NA,17.837910232003107,10.90838592002607,NA,6.004423141479493,NA
Ameriflux,INFLUX - Agricultural Site West near Pittsboro,US-INe,-86.5083,39.8632,NA,NA,20.767876673709264,11.11115242714779,NA,6.004423141479497,NA
Ameriflux,INFLUX - East 21st St (Site 2),US-INf,-86.0183,39.7978,NA,NA,18.556102046151743,10.181988716125488,NA,12.800680160522468,NA
Ameriflux,INFLUX - Wayne Twp Comm (Site-7),US-INg,-86.2724,39.7739,NA,NA,44.66163321860298,10.62767219543457,NA,0.9612076282501216,NA
Ameriflux,INFLUX - Agricultural Site East of Indianapolis (Site-9a),US-INi,-85.7005,39.8167,NA,NA,13.109092498295592,10.94921588897705,NA,4.385039329528811,NA
Ameriflux,INFLUX - Agricultural Site East of Indianapolis (Site-9b),US-INj,-85.7066,39.8766,NA,NA,17.12597267390621,10.94921588897705,NA,4.385039329528809,NA
Ameriflux,INFLUX - Agricultural Site West of Indianapolis (Site-14a),US-INn,-86.788,39.9468,NA,NA,11.709687689618868,11.696539878845213,NA,8.778901100158691,NA
Ameriflux,INFLUX - Agricultural Site West of Indianapolis (Site-14b) ,US-INp,-86.7821,39.9477,NA,NA,10.87567354254424,11.696539878845213,NA,8.77890110015869,NA
Ameriflux,Jackson Lane - natural,US-JLN,-75.7531,39.0574,NA,NA,59.692066205474454,36.96654808339521,NA,51.79719501713917,NA
Ameriflux,Jackson Lane - restored,US-JLR,-75.7531,39.0543,NA,NA,53.42157299965177,36.96641732645394,NA,51.47393801194271,NA
Ameriflux,Jornada Experimental Range Bajada Site,US-Jo1,-106.635,32.582,0,0,0.9250662660147044,8.196821212768555,NA,0.6151013460670156,2.035463571548462
Ameriflux,Jornada Experimental Range Mixed Shrubland,US-Jo2,-106.6032,32.5849,0,0,1.2345511023308329,8.196821212768555,NA,0.252848505973816,5.0229916047805325
Ameriflux,Jornada Experimental Range Red Lake Playa,US-Jo3,-106.8303,32.7123,0,0,0.9579606444780557,8.355450630187988,NA,0.8861779570579532,0
Ameriflux,WV Jacks Run,US-JRn,-80.1646,39.6789,NA,NA,186.9838816646554,111.2685317993164,NA,98.97389221191409,NA
Ameriflux,KCMP Tall Tower,US-KCM,-93.0728,44.6886,NA,NA,19.3989876851727,9.98960018157959,NA,4.877754688262936,NA
Ameriflux,Konza Prairie LTER (4B),US-KFB,-96.5951,39.0745,NA,NA,4.174131512417809,10.838811874389648,NA,10.135107040405261,NA
Ameriflux,Kansas Field Station,US-KFS,-95.1907,39.0561,NA,NA,52.404340922564174,27.528268814086914,NA,26.731492450356978,NA
Ameriflux,Kingman Farm,US-KGF,-70.9259,43.1717,NA,NA,146.90985116624796,105.88687896728514,NA,86.72066034192609,NA
Ameriflux,KBS Lux Arbor Reserve Corn,US-KL1,-85.4422,42.4847,NA,NA,63.59477548274166,68.12156677246094,NA,27.968484878540025,NA
Ameriflux,KBS Lux Arbor Reserve Switchgrass,US-KL2,-85.4468,42.4768,NA,NA,58.85943128304689,68.12156677246094,NA,27.968484878540032,NA
Ameriflux,KBS Lux Arbor Reserve Prairie,US-KL3,-85.4473,42.4735,NA,NA,50.05913396093181,68.12156677246094,NA,27.968484878540032,NA
Ameriflux,Kansas Land Institute,US-KLS,-97.5684,38.7745,NA,NA,17.47080226727637,11.102958679199219,NA,0.4875640869140623,NA
Ameriflux,KBS Marshall Farms Corn,US-KM1,-85.3287,42.4376,NA,NA,73.2453766866694,68.12156677246094,NA,27.968484878540036,NA
Ameriflux,KBS Marshall Farms Prairie,US-KM2,-85.3098,42.4441,NA,NA,76.7004291585024,68.12156677246094,NA,27.968484878540046,NA
Ameriflux,KBS Marshall Farms Switchgrass,US-KM3,-85.3105,42.4464,NA,NA,74.67934960060097,68.12156677246094,NA,27.968484878540043,NA
Ameriflux,KBS Marshall Farms Smooth Brome Grass (Ref),US-KM4,-85.3301,42.4423,NA,NA,68.37068639894825,68.12156677246094,NA,27.968484878540046,NA
Ameriflux,Konza Prairie LTER (KNZ),US-Kon,-96.5603,39.0824,NA,NA,4.238231106111769,10.838811874389648,NA,10.135107040405277,NA
Ameriflux,Kennedy Space Center (slash pine),US-KS1,-80.6709,28.4583,NA,NA,NA,NA,NA,NA,NA
Ameriflux,Kennedy Space Center (scrub oak),US-KS2,-80.6715,28.6086,NA,NA,NA,NA,NA,NA,NA
Ameriflux,Kennedy Space Center (salt marsh),US-KS3,-80.7427,28.7084,NA,NA,NA,67.07878112792969,NA,NA,NA
Ameriflux,Kennedy Space Center (Spartina marsh),US-KS4,-80.7207,28.6,NA,NA,NA,NA,NA,NA,NA
Ameriflux,KUOM tower,US-KUO,-93.1884,44.9984,NA,NA,26.79826265005571,12.172310571110472,NA,2.644084692001345,NA
Ameriflux,KUOM Turfgrass Field,US-KUT,-93.1863,44.995,NA,NA,24.85242096438676,10.436274266726462,NA,2.6440846920013423,NA
Ameriflux,Apple Orchard ARS Kearneysville WV,US-Kyv,-77.8859,39.3447,NA,NA,53.11606632586951,60.66598892211914,NA,35.41244125366212,NA
Ameriflux,Pointe-aux-Chenes Brackish Marsh,US-LA1,-90.4449,29.5013,NA,NA,1.7782532566584777,43.17303594252466,NA,8.7942047119140625,NA
Ameriflux,Salvador WMA Freshwater Marsh,US-LA2,-90.2869,29.8587,NA,NA,13.8436603633793,13.615276336669924,NA,3.8607430458068848,NA
Ameriflux,Barataria Bay Saline Marsh,US-LA3,-89.9153,29.4936,NA,NA,0.5018773721287586,8.0570707321167,NA,0,NA
Ameriflux,Lockney Grassland,US-LGr,-101.4787,34.1377,0.25934234039397736,0,1.3622048277217702,8.64285659790039,NA,0,9.271444320678711
Ameriflux,Lindcove Orange Orchard,US-Lin,-119.0922,36.3566,0.10665679245778407,0.5003054712542739,13.9522305637571,22.76662826538086,9.930368652814586,0.6625177860260006,17.948317262834305
Ameriflux,Longleaf Pine - Baker (Mesic site),US-LL1,-84.5329,31.2792,NA,NA,96.16375415710628,34.06828308105469,NA,66.87648773193357,NA
Ameriflux,Longleaf Pine - Dubignion (Intermediate site),US-LL2,-84.4449,31.201,NA,NA,74.19276253448271,31.63711929321289,NA,42.200626373291,NA
Ameriflux,Longleaf Pine - Red Dirt (Xeric site),US-LL3,-84.4787,31.2688,NA,NA,84.07768669249833,34.71452713012695,NA,66.87648773193362,NA
Ameriflux,Lost Creek,US-Los,-89.9792,46.0827,NA,NA,56.56006565085966,107.08599853515625,NA,54.18226242065428,NA
Ameriflux,Little Prospect Hill,US-LPH,-72.185,42.5419,NA,NA,201.54768971224877,37.92121124267578,NA,114.92280578613273,NA
Ameriflux,San Pedro River Lewis Springs Sacaton Grassland,US-LS1,-110.1403,31.5615,7.429732478740309e-4,0.08445240480816528,10.890105636844396,15.77459716796875,18.604882679146304,1.0219408273696906,10.835078239440918
Ameriflux,San Pedro River Lewis Springs Savanna,US-LS2,-110.1344,31.5659,0,0,8.139231922880843,15.77459716796875,17.532899653062263,1.0219408273696893,10.835078239440918
Ameriflux,Missouri-Moreau River Basin USDA Certified Organic Farm,US-LU1,-92.2487,38.5048,NA,NA,72.00404994475917,47.53870664939725,NA,22.562028884887678,NA
Ameriflux,Little Washita Watershed,US-LWW,-97.9789,34.9604,NA,NA,6.154755687542205,10.930156707763672,NA,8.726741790771488,NA
Ameriflux,MacArthur Agro-Ecology,US-MAC,-81.1873,27.1632,NA,NA,19.55265773425198,18.057926177978516,NA,0.44677448272705095,NA
Ameriflux,Marcell Bog Lake Peatland,US-MBP,-93.4893,47.5051,NA,NA,135.122237618485,125.73035646238063,NA,39.9647789001465,NA
Ameriflux,"Creston, Montana pivot-irrigated spring wheat",US-MC1,-114.1548,48.1873,0.2998673734838178,NA,14.989779470244098,95.73536682128906,NA,56.647022247314446,42.27984619140625
Ameriflux,"Creston, Montana pivot-irrigated spring wheat 2",US-MC2,-114.2051,48.1802,0.9383144592497267,NA,17.849255882198793,95.73536682128906,NA,56.64702224731444,71.2367727407612
Ameriflux,"Moro Cojo Slough, PG&E Treatment Wetland",US-MCP,-121.769,36.783,0.07873841652969997,0,4.683758912994734,NA,19.14548651381123,0,99.2261962890625
Ameriflux,Metolius - Eyerly burn,US-Me1,-121.5,44.5794,15.017724856144016,NA,12.679788989503217,46.715065791078054,NA,53.29314041137691,149.9634547536913
Ameriflux,Metolius mature ponderosa pine,US-Me2,-121.5589,44.4526,74.37399504380569,NA,61.035056778781026,70.81029510498047,NA,97.6245631686557,200.6615447998047
Ameriflux,Metolius-second young aged pine,US-Me3,-121.6078,44.3154,15.522044806445896,NA,68.90189438351028,70.81029510498047,NA,43.42892658306342,187.15270062525164
Ameriflux,Metolius-old aged ponderosa pine,US-Me4,-121.6224,44.4992,110.12700278952747,NA,142.36086409666856,75.71459040907666,NA,97.63355255126957,214.33939392846537
Ameriflux,Metolius-first young aged pine,US-Me5,-121.5668,44.4372,40.01056705672525,NA,52.48008874893652,70.81029510498047,NA,97.5163646837989,200.6615447998047
Ameriflux,Metolius Young Pine Burn,US-Me6,-121.6078,44.3233,12.533200533375453,NA,61.738992037032624,70.81029510498047,NA,19.56561703046672,187.14761056909416
Ameriflux,Metolius Low Burn Severity Subcanopy,US-Me7,-121.5619,44.4534,70.32132399925594,NA,58.34472892985944,70.81029510498047,NA,97.63355255126955,200.6615447998047
Ameriflux,"Lake Mendota, Center for Limnology Site",US-Men,-89.403,43.0772,NA,NA,10.529324523213731,10.810657501220703,NA,9.658852577209467,NA
Ameriflux,Moore Fields,US-MFs,-70.961,43.1385,NA,NA,124.15101977264705,105.88687896728517,NA,86.7622909545898,NA
Ameriflux,MPG Ranch Rangeland Restoration,US-MG1,-114.0353,46.6996,0.893568312813426,NA,27.9950632630531,215.70254516601562,NA,45.81814193725586,53.304787443233316
Ameriflux,"Huntley, Montana irrigated barley site 1",US-MH1,-108.2414,45.9206,NA,NA,4.178054157572194,10.972132434828332,NA,1.7328349351882928,3.9368991851806645
Ameriflux,"Huntley, Montana irrigated barley site 2",US-MH2,-108.1978,45.9699,NA,NA,3.2731527971262575,10.992652893066406,NA,0.7428495287895205,4.382886217375851
Ameriflux,LTAR UCB (Upper Chesapeake Bay) Miscanthus 1,US-Mi1,-80.6313,41.7727,NA,NA,60.32732224314477,93.62818908691406,NA,51.68729801867134,NA
Ameriflux,LTAR UCB (Upper Chesapeake Bay) Miscanthus 2,US-Mi2,-80.855,41.5479,NA,NA,110.0245696919409,77.5926284790039,NA,98.74235534667966,NA
Ameriflux,LTAR UCB (Upper Chesapeake Bay) Miscanthus 3,US-Mi3,-80.637,41.8222,NA,NA,112.86486751276851,93.62818908691406,NA,51.66979980468749,NA
Ameriflux,Montana Judith Basin wheat field,US-Mj1,-109.6137,46.9948,NA,NA,3.1963383799637506,11.785949113216402,NA,11.389719009399405,0.9109409947692045
Ameriflux,Montana Judith Basin summer fallow field,US-Mj2,-109.6295,46.9957,NA,NA,1.9779997242119567,11.771041602647493,NA,11.389719009399414,1.22448916900205
Ameriflux,Morgan Monroe State Forest,US-MMS,-86.4131,39.3232,NA,NA,268.06388528306036,35.01875686645508,NA,118.23437499999993,NA
Ameriflux,"Morris: Corn-Soybean with Cover Crops, Strip Tillage",US-MN1,-96.1269,45.6168,NA,NA,2.8527481211406367,11.096091270446776,NA,2.3179292678833012,NA
Ameriflux,"Morris: Corn-Soybean-Wheat with Cover Crops, Minimal Tillage",US-MN2,-96.1271,45.627,NA,NA,2.9215089736147926,11.096091270446777,NA,2.3179292678833017,NA
Ameriflux,"Morris: Corn-Soybean, Conventional Tillage",US-MN3,-96.1265,45.6091,NA,NA,3.5766774684839047,11.096091270446776,NA,2.317929267883302,NA
Ameriflux,LTAR CMRB Field 1 (CMRB ASP),US-Mo1,-92.1167,39.2298,NA,NA,7.555955139244326,11.594643592834473,NA,7.402910709381101,NA
Ameriflux,LTAR CMRB Tucker Prairie (CMRB TP),US-Mo2,-91.9945,38.9488,NA,NA,15.630569565096708,40.27286518068449,NA,13.014154434204102,NA
Ameriflux,LTAR CMRB Field 3 (CMRB BAU),US-Mo3,-92.1497,39.2311,NA,NA,16.645037343679604,11.594643592834473,NA,7.402910709381111,NA
Ameriflux,Missouri Ozark Site,US-MOz,-92.2,38.7441,NA,NA,188.78964167781803,45.08909375339746,NA,43.085510253906236,NA
Ameriflux,Mountainair Pinyon-Juniper Woodland,US-Mpj,-106.2377,34.4385,3.9533046024786738,19.315068351010577,6.280906487366712,8.817193031311035,NA,9.84234619140625,18.07330322265625
Ameriflux,Mary's River (Fir) site,US-MRf,-123.5515,44.6465,251.0152854456841,NA,215.7952995085052,33.998390197753906,NA,257.804047761208,338.6606750488281
Ameriflux,Marsh Resource Meadowlands Mitigation Bank,US-MRM,-74.0435,40.8164,NA,NA,5.300558827824434,8.624485969543457,NA,11.195555686950687,NA
Ameriflux,Montana Sun River winter wheat ,US-MSR,-111.7207,47.4758,0,NA,1.285671284276774,11.66722774505615,NA,0,0.5461128950119019
Ameriflux,Mt Bigelow,US-MtB,-110.7256,32.416,37.57155318486484,117.2850462311423,163.9639737094354,67.42195129394531,113.65065620661557,16.945149597550323,89.62761688232422
Ameriflux,Montana Vaughn Fallow,US-MVF,-111.4659,47.6867,0,NA,1.0376781115800213,10.713072776794434,NA,0,1.4961726665496826
Ameriflux,Montana Vaughn Wheat,US-MVW,-111.4889,47.6729,0.0371086022357881,NA,1.3208570244174158,10.715747878730669,NA,0,1.4443740824194122
Ameriflux,Jackson Agricultural Field,US-MWA,-84.8539,42.2143,NA,NA,22.995349213107865,40.29039001464844,NA,39.99797439575198,NA
Ameriflux,Kellogg Experimental Forest,US-MWF,-85.3526,42.366,NA,NA,147.63830174164926,68.12156677246094,NA,27.968484878540032,NA
Ameriflux,Michigan State University Campus Site - Spartans,US-MWS,-84.4737,42.7293,NA,NA,35.162009272108,39.800636291503906,NA,11.259828567504874,NA
Ameriflux,Battle Creek Area Mathematics and Science Center,US-MWU,-85.1871,42.3228,NA,NA,13.980699501776764,37.427162170410156,NA,29.086330413818366,NA
Ameriflux,Allegan Wetland,US-MWW,-86.0229,42.6689,NA,NA,76.76488309768291,67.23252868652344,NA,52.768905639648445,NA
Ameriflux,Mayberry Wetland,US-Myb,-121.765,38.0499,0.12061901780057391,0,1.6127412006696844,12.805852890014648,14.167674911157668,5.436649322509759,18.159996032714844
Ameriflux,NC_Clearcut,US-NC1,-76.7119,35.8118,NA,NA,51.19314976554715,66.96083068847656,NA,82.84978485107416,NA
Ameriflux,NC_Loblolly Plantation,US-NC2,-76.6685,35.803,NA,NA,87.31968837561972,66.96083068847656,NA,33.58429718017578,NA
Ameriflux,NC_Clearcut#3,US-NC3,-76.656,35.799,NA,NA,90.14590698753993,66.96083068847656,NA,33.58429718017579,NA
Ameriflux,NC_AlligatorRiver,US-NC4,-75.9038,35.7879,NA,NA,92.59264566770702,130.84703063964844,NA,64.81290435791017,NA
Ameriflux,Mead - irrigated continuous maize site,US-Ne1,-96.4766,41.1651,NA,NA,3.3143988833392073,10.750755310058594,NA,1.8774465322494507,NA
Ameriflux,Mead - irrigated maize-soybean rotation site,US-Ne2,-96.4701,41.1649,NA,NA,2.397079003375776,10.750755310058594,NA,1.877446532249451,NA
Ameriflux,Mead - rainfed maize-soybean rotation site,US-Ne3,-96.4397,41.1797,NA,NA,3.489903792915705,10.750755310058594,NA,1.8774465322494516,NA
Ameriflux,Northern Michigan Jack Pine Stand,US-NMj,-88.5194,46.6465,NA,NA,56.730287600401795,26.720247268676758,NA,88.61156463623048,NA
Ameriflux,Business-As-Usual Management (mandanh5),US-NP1,-100.951,46.7756,NA,NA,3.9020749556357632,11.011151313781738,NA,7.157633781433107,4.727197170257568
Ameriflux,ASPirational Management (mandani2),US-NP2,-100.9257,46.7613,NA,NA,2.917709771803603,11.011151313781738,NA,7.157633781433105,4.727197170257568
Ameriflux,Niwot Ridge Forest (LTER NWT1),US-NR1,-105.5464,40.0329,NA,84.10676860983062,61.152738433907025,76.3296890258789,NA,64.1800991240153,108.78213500976562
Ameriflux,Niwot Ridge Forest (USGS site),US-NR2,-105.5469,40.0325,NA,84.19354567508906,60.49766220640537,76.3296890258789,NA,64.37480585845688,108.78213500976562
Ameriflux,Niwot Ridge Alpine (T-Van West),US-NR3,-105.5864,40.052,NA,14.275343615339667,18.921674765594485,76.3296890258789,NA,76.994026184082,108.78213500976562
Ameriflux,Niwot Ridge Alpine (T-Van East),US-NR4,-105.5859,40.052,NA,14.253121190017117,18.967218570441748,76.3296890258789,NA,76.99402618408199,108.78213500976562
Ameriflux,Nisqually reference,US-Nrf,-122.6927,47.0935,59.88605029620835,NA,67.91287117024467,15.459033012390137,NA,30.850820541381854,317.52694375759546
Ameriflux,Nisqually restoring,US-Nrs,-122.7079,47.0936,14.851330311231209,NA,15.052115995901628,15.459033012390138,NA,30.850820541381847,274.0241820340293
Ameriflux,Newman Seasonal Wetlands,US-NSW,-121.0042,37.3091,1.1597731706426697,0.026186411856053856,2.585700089687651,22.08825809286169,0.8184974323889833,6.330477714538574,1.3967652774690393
Ameriflux,Osceola Farm Rice Field - SW,US-OF1,-90.0492,35.7371,NA,NA,10.22272990441615,9.73349380493164,NA,11.086597442626964,NA
Ameriflux,Osceola Farm Rice Field - NW,US-OF2,-90.0489,35.7406,NA,NA,10.44664596429947,9.73349380493164,NA,11.086597442626946,NA
Ameriflux,Oak Openings,US-Oho,-83.8438,41.5545,NA,NA,194.1574902303169,10.699804306030273,NA,29.47380256652832,NA
Ameriflux,Florida pine flatwoods,US-ONA,-81.9509,27.3836,NA,NA,21.80233582222068,27.279682159423825,NA,20.297885894775412,NA
Ameriflux,Optimizing Production Inputs for Economic and Environmental Enhancement (OPE3),US-OPE,-76.8457,39.0293,NA,NA,158.28257647656594,75.05352020263672,NA,61.642574310302784,NA
Ameriflux,Olentangy River Wetland Research Park,US-ORv,-83.0183,40.0201,NA,NA,20.949441703558723,23.023784637451172,NA,9.224530220031737,NA
Ameriflux,Old Woman Creek,US-OWC,-82.5125,41.3795,NA,NA,61.30197737875636,33.69078063964844,NA,22.20300102233886,NA
Ameriflux,"Florida, Paspalum notatum pasture",US-PAS,-81.951,27.3944,NA,NA,21.03468971617554,27.279682159423825,NA,20.297885894775387,NA
Ameriflux,5R Pecan Farm Above Canopy,US-PeA,-106.0788,31.4123,0.6390011545412246,1.4145296707746362,18.899105072612237,9.810615539550781,NA,0.511820316314697,2.956449031829834
Ameriflux,Park Falls/WLEF,US-PFa,-90.2723,45.9459,NA,NA,123.27974708077228,134.87783813476562,NA,62.435257618959355,NA
Ameriflux,NW1 Pine-1 CHEESEHEAD 2019,US-PFb,-90.3232,45.972,NA,NA,102.39303141935927,134.87783813476562,NA,61.9977111816406,NA
Ameriflux,NW2 Aspen-1 CHEESEHEAD 2019,US-PFc,-90.3088,45.9677,NA,NA,111.89612750666596,134.87783813476562,NA,61.99771118164066,NA
Ameriflux,NW3 Tussock-1 CHEESEHEAD 2019,US-PFd,-90.301,45.9689,NA,NA,112.35323148408204,134.87783813476562,NA,61.99771118164057,NA
Ameriflux,NW4 Lake-1 CHEESEHEAD 2019,US-PFe,-90.3004,45.9793,NA,NA,113.44513908885295,134.87783813476562,NA,61.997711181640646,NA
Ameriflux,NW5 Grass-1 CHEESEHEAD 2019,US-PFf,-90.2944,45.9458,NA,NA,96.4756245258066,134.87783813476562,NA,61.9977111816406,NA
Ameriflux,NE1 Pine-2 CHEESEHEAD 2019,US-PFg,-90.2723,45.9735,NA,NA,145.28865049788274,134.87783813476562,NA,61.99771118164066,NA
Ameriflux,NE2 Pine-3 CHEESEHEAD 2019,US-PFh,-90.2406,45.9557,NA,NA,297.5406817871066,132.65547132407434,NA,63.70613856637255,NA
Ameriflux,NE3 Hardwood-1 CHEESEHEAD 2019,US-PFi,-90.2327,45.9749,NA,NA,291.7544152051473,132.4522705078125,NA,60.71657063287346,NA
Ameriflux,NE4 Maple-1 CHEESEHEAD 2019,US-PFj,-90.227,45.9619,NA,NA,432.639072334366,132.4522705078125,NA,63.99211280720721,NA
Ameriflux,SW1 Aspen-2 CHEESEHEAD 2019,US-PFk,-90.3425,45.9149,NA,NA,93.32755080582028,134.87783813476562,NA,61.99771118164062,NA
Ameriflux,SW2 Aspen-3 CHEESEHEAD 2019,US-PFL,-90.3177,45.9409,NA,NA,85.68654737395602,134.87783813476562,NA,61.99771118164065,NA
Ameriflux,SW3 Hardwood-2 CHEESEHEAD 2019,US-PFm,-90.3099,45.9207,NA,NA,90.50616863357179,134.87783813476562,NA,62.35996478665137,NA
Ameriflux,SW4 Hardwood-3 CHEESEHEAD 2019,US-PFn,-90.2823,45.9392,NA,NA,110.84176714023428,134.87783813476562,NA,62.418192077892215,NA
Ameriflux,SE1 Lake-2 CHEESEHEAD 2019,US-PFo,-90.2728,45.9229,NA,NA,118.44674299576768,134.87783813476562,NA,64.18560791015622,NA
Ameriflux,SE2 Hardwood-4 CHEESEHEAD 2019,US-PFp,-90.2641,45.9365,NA,NA,124.67083851725899,134.87783813476562,NA,63.969002063659985,NA
Ameriflux,SE3 Aspen-4 CHEESEHEAD 2019,US-PFq,-90.2475,45.9271,NA,NA,149.07077026367188,133.3700148353361,NA,64.18560791015624,NA
Ameriflux,SE4 Tussock-2 CHEESEHEAD 2019,US-PFr,-90.2475,45.9245,NA,NA,149.07077026367188,133.3697013696258,NA,64.18560791015626,NA
Ameriflux,SE5 Aspen-5 CHEESEHEAD 2019,US-PFs,-90.2382,45.9381,NA,NA,182.81393036001222,132.49284477694036,NA,64.18560791015624,NA
Ameriflux,SE6 Pine-4 CHEESEHEAD 2019,US-PFt,-90.2288,45.9197,NA,NA,75.05352594086182,132.4522705078125,NA,64.18560791015625,NA
Ameriflux,Plum Island High Marsh,US-PHM,-70.8301,42.7423,NA,NA,5.773864877967571,100.94283496382516,NA,74.2448357527665,NA
Ameriflux,Pine Upland,US-PiU,-80.9261,26.0004,NA,NA,37.27151188202839,15.038256300487518,NA,26.2647647857666,NA
Ameriflux,Plum Island Low Marsh,US-PLM,-70.8382,42.7345,NA,NA,5.473574810221944,100.8577880859375,NA,66.5826687892986,NA
Ameriflux,Plum Island Oligohaline Marsh,US-PLo,-70.9157,42.7496,NA,NA,78.95876281613211,102.02213649437928,NA,61.11818313598636,NA
Ameriflux,"Lake Mendota, Picnic Point Site",US-Pnp,-89.4158,43.0896,NA,NA,20.260799563340253,10.810657501220703,NA,9.658852577209473,NA
Ameriflux,Ponca City,US-Pon,-97.1333,36.7667,NA,NA,5.2984915804566155,10.20358943939209,NA,6.588860988616944,NA
Ameriflux,USSL San Joaquin Valley Pistachio High,US-PSH,-119.9247,36.2347,3.4803692817797143,0,2.838168882044983,17.680177688598633,1.4614509751995681,0,3.4721853733062744
Ameriflux,USSL San Joaquin Valley Pistachio Low,US-PSL,-120.1397,36.8276,4.543658125629234,0.04518366081394936,4.785994095299589,18.284780502319336,2.064167504685526,0,11.168570518493652
Ameriflux,PVAMU Research Farm,US-PVA,-95.9695,30.0958,NA,NA,5.586567173652428,44.83753204345703,NA,20.523551940917972,NA
Ameriflux,"Phoenix, Maryvale Neighborhood Site",US-Px1,-112.1426,33.4839,1.1207781174489344,0.18162564818157234,0.6458308403663158,10.832069396972656,0.05691275189111348,0,2.8591944350314646e-12
Ameriflux,"Phoenix, Encanto Golf Course",US-Px2,-112.098,33.4785,0.8663655032897912,3.2493605402746337,3.133851803438032,10.832069396972656,0.10350001425471862,0,3.521309716595993e-12
Ameriflux,"Phoenix, Desert botanical garden site",US-Px3,-111.9428,33.4582,1.167108317683126,0.6141533611568161,2.595598574034203,10.835653305053711,0.1359291275951974,0,0
Ameriflux,Cook Agronomy Farm - No Till,US-RC1,-117.0777,46.7837,0.8953077077314316,NA,3.2616562379962084,11.944751739501955,NA,0,18.759319305419922
Ameriflux,Cook Agronomy Farm - Conventional Till,US-RC2,-117.0807,46.7776,0.2267854411690101,NA,3.09779539990842,11.944751739501953,NA,0,18.759319305419922
Ameriflux,WSU Lind Dryland Research Station,US-RC3,-118.598,46.991,0,NA,2.1666037279606982,10.167307501787446,NA,0,0.043008220671759245
Ameriflux,Moscow Mountain on-farm site,US-RC4,-116.949,46.758,0.007968604156713454,NA,4.900709092887711,63.56997673709874,NA,34.75756454467776,24.030454635620117
Ameriflux,Moses Lake on-farm site,US-RC5,-119.248,47.01,6.3038209434689225,NA,2.069994403302208,9.874638098745464,NA,0,2.2279107570648193
Ameriflux,RockyFlats - East site,US-RFE,-105.169,39.8771,0,0,2.828990889283169,10.26521110534668,NA,26.011913299560543,66.57373046875
Ameriflux,RockyFlats - West site,US-RFW,-105.2184,39.8751,0,0.1576912848880343,3.0852034264892256,10.26521110534668,NA,26.01191329956056,82.97258758544922
Ameriflux,Arkansas Corn Farm,US-RGA,-91.6733,34.4159,NA,NA,22.246904022763413,61.99947738647462,NA,37.821182250976555,NA
Ameriflux,Butte County Rice Farm,US-RGB,-121.8579,39.5782,0.21237304337894786,0,1.278041480926253,16.492679595947266,12.097306983676194,4.543518066406251,55.156612396240234
Ameriflux,Stanislaus County Forage Farm,US-RGF,-121.1369,37.6995,14.211714590637694,1.157386173694335,6.968694521047187,18.27541160583496,9.116158773070078,0.3266187906265258,24.983154596234566
Ameriflux,Glenn County Rice Farm,US-RGG,-122.0253,39.5944,0.13504246467733388,1.0964345563710249e-4,2.426206349020039,17.315303802490234,29.981250853998176,4.543518066406251,23.01452642700209
Ameriflux,Glenn County Organic Rice Farm,US-RGo,-122.0026,39.6805,14.303323572447946,0.02366694219766755,15.455796565430711,17.018573863529642,19.631821147273694,4.543518066406249,15.377455900781788
Ameriflux,Desha County Rice Farm,US-RGW,-91.4306,33.6216,NA,NA,15.905262552128828,18.190231323242188,NA,29.491052627563466,NA
Ameriflux,RCEW Low Sagebrush,US-Rls,-116.7356,43.1439,0.002844569629284544,0.015542007731058662,7.663488187185277,9.76128101348877,NA,0.9180349232251142,25.217771530151367
Ameriflux,RCEW Mountain Big Sagebrush,US-Rms,-116.7486,43.0645,11.70472395828607,5.0067252891958045,31.16929391983146,9.944853021055918,NA,10.924529075622553,106.44644927978516
Ameriflux,Rosemount- G21,US-Ro1,-93.0898,44.7143,NA,NA,13.913241546709395,9.98960018157959,NA,24.374359130859364,NA
Ameriflux,Rosemount- C7,US-Ro2,-93.0888,44.7288,NA,NA,14.309271906747416,9.98960018157959,NA,24.374359130859364,NA
Ameriflux,Rosemount- G19,US-Ro3,-93.0893,44.7217,NA,NA,15.063329977147543,9.98960018157959,NA,24.374359130859368,NA
Ameriflux,Rosemount Prairie,US-Ro4,-93.0723,44.6781,NA,NA,26.95265997247376,9.98960018157959,NA,4.877754688262934,NA
Ameriflux,Rosemount I18_South,US-Ro5,-93.0576,44.691,NA,NA,21.208815059880756,9.98960018157959,NA,6.851061687405994,NA
Ameriflux,Rosemount I18_North,US-Ro6,-93.0578,44.6946,NA,NA,21.872636891958916,9.98960018157959,NA,10.9662195006197,NA
Ameriflux,Rice Rivers Center Marsh,US-RRC,-77.2065,37.3344,NA,NA,180.41107177734375,103.45885467529297,NA,79.88343048095702,NA
Ameriflux,RCEW Reynolds Mountain East,US-Rwe,-116.7591,43.0653,4.9100825292481876,2.8776402667796717,17.78959520155484,10.156230345236844,NA,10.924529075622553,106.44644927978516
Ameriflux,RCEW Upper Sheep Prescibed Fire,US-Rwf,-116.7231,43.1207,1.2389382087999226,0.9638799873805142,8.841683013346207,9.76128101348877,NA,10.92452907562256,25.217771530151367
Ameriflux,Reynolds Creek Wyoming big sagebrush,US-Rws,-116.7132,43.1675,0,0,5.62644178084596,9.76128101348877,NA,0,25.217771530151367
Ameriflux,Sweet Briar Land-Atmosphere Research Station,US-SB1,-79.0848,37.5734,NA,NA,184.7891622697772,97.31926727294922,NA,93.26342773437499,NA
Ameriflux,Sweet Briar Grass,US-SB2,-79.0883,37.5607,NA,NA,151.1612808587454,97.3192672729492,NA,93.263427734375,NA
Ameriflux,Sweet Briar Clearcut,US-SB3,-79.0872,37.5752,NA,NA,187.01631909843638,97.31926727294923,NA,93.26342773437503,NA
Ameriflux,Southern California Climate Gradient - Desert Chaparral,US-SCc,-116.4505,33.6094,0,0.2179821517662752,3.9532922201063445,14.466233253479004,5.716770843397064,0.0732216238975525,39.40207290649414
Ameriflux,Southern California Climate Gradient - Sonoran Desert,US-SCd,-116.3721,33.6518,0,0,2.35681155006408,14.466233253479004,0,0.07322162389755245,38.36075973510742
Ameriflux,Southern California Climate Gradient - Oak/Pine Forest,US-SCf,-116.7717,33.8079,67.51404523765204,113.09761610237777,67.63631269991878,15.44604778289795,150.044764685301,17.97326660156251,105.78880335310045
Ameriflux,Southern California Climate Gradient - Grassland,US-SCg,-117.6946,33.7365,0.0025427656160102213,0.002098488754876706,38.19409778250413,10.88970947265625,28.33551175762181,0.61089563369751,145.35604086169855
Ameriflux,Southern California Climate Gradient - Coastal Sage,US-SCs,-117.6959,33.7343,0.003629058186449603,0,48.14444717220598,10.88970947265625,25.89543626450555,0.6108956336975094,141.7797662829206
Ameriflux,Southern California Climate Gradient - Pinyon/Juniper Woodland,US-SCw,-116.4527,33.6047,0.008455510017088873,0.9012266984717837,3.6102261742618067,14.466233253479004,6.544886327649952,0.07322162389755249,43.20761864542662
Ameriflux,Nebraska SandHills Dry Valley,US-SdH,-101.4072,42.0693,NA,0,2.591443520047683,10.032882690429688,NA,0,0
Ameriflux,South Denver Urban Tower,US-SDU,-105.0127,39.6594,0.5949419666857007,2.966161676474195,2.0475537414315483,10.237208366394043,NA,3.1922059059143044,2.3310251298647167e-12
Ameriflux,Sevilleta grassland,US-Seg,-106.702,34.3623,0,0,1.3571695693613504,9.230973243713379,NA,2.082555294036865,1.417412656442819
Ameriflux,Sevilleta shrubland,US-Ses,-106.7442,34.3349,0,0,2.824482108037127,9.141939958234307,NA,2.0825552940368657,1.0428476333618164
Ameriflux,Sioux Falls Portable,US-SFP,-96.902,43.2408,NA,NA,2.115205148845737,10.742193222045898,NA,0,NA
Ameriflux,Sagehen Creek Field Station,US-SHC,-120.2398,39.4315,89.33194833265874,157.01998341568947,98.98410677637193,101.94514305258544,192.2195767674868,93.27153778076173,205.4795379638672
Ameriflux,Shidler- Oklahoma,US-Shd,-96.6833,36.9333,NA,NA,2.282910297172231,10.15842056274414,NA,18.065135955810533,NA
Ameriflux,Secaucus High School Site,US-SHS,-74.0457,40.8052,NA,NA,4.361099669261407,8.624485969543457,NA,11.195555686950678,NA
Ameriflux,Staten Island Fallow,US-Si1,-121.5047,38.1747,0.023367265292007087,0,1.6057565759284558,12.476768998168316,0.770459979675404,0,9.45154601979218
Ameriflux,Staten Island Flooded,US-Si2,-121.5167,38.1758,0.018121420598952054,0.0046208987345072484,1.7785189159011578,12.504311561584473,1.2952093176255153,0,3.368778705596924
Ameriflux,San Joaquin (Freshwater Marsh Tower 1),US-SJ1,-117.8514,33.6623,9.843530032760475,0.2667338396366115,8.665725798555744,14.330520629882812,29.61958808415007,0,3.0459495602846998e-12
Ameriflux,San Joaquin (Freshwater Marsh Tower 2),US-SJ2,-117.855,33.6596,8.764552900864496,0.5539034788951279,7.677481237339342,14.330520629882814,23.127457365907137,0,3.0459495602846998e-12
Ameriflux,Shark River Slough (Tower SRS-6)  Everglades,US-Skr,-81.0776,25.3629,NA,NA,99.13134765625,114.91968536376953,NA,NA,NA
Ameriflux,Silas Little- New Jersey,US-Slt,-74.596,39.9138,NA,NA,122.3958963377017,77.94152069091797,NA,51.28442126656516,NA
Ameriflux,Texas SmartFarm Project,US-SM1,-100.9537,36.3934,3.797038581266451,0,1.0937825303076736,9.196537017822266,NA,0,0
Ameriflux,Sherman Island,US-Snd,-121.754,38.0366,0.3058054772690814,0,2.560627359773019,12.720540521141977,3.7051726668207556,5.4366493225097665,18.159996032714844
Ameriflux,Sherman Island Restored Wetland,US-Sne,-121.7547,38.0369,0.3517713328856098,0,2.415696916732706,12.731319653732191,3.817271103473497,5.436649322509763,18.159996032714844
Ameriflux,Sherman Barn,US-Snf,-121.7272,38.0402,0.22695668682588072,0,1.8925543323224419,12.504311561584473,0.5206303003774888,5.436649322509765,18.159996032714844
Ameriflux,Sky Oaks- Old Stand,US-SO2,-116.6228,33.3738,9.144986380803136,2.212529073783793,16.26649462364649,22.94315528869629,17.096121708521878,2.063970804214478,55.34306716918945
Ameriflux,Sky Oaks- Young Stand,US-SO3,-116.6226,33.3771,11.763137462153558,3.320572957216168,15.440668671230192,22.94315528869629,16.666813141164457,2.063970804214478,55.34306716918945
Ameriflux,Sky Oaks- New Stand,US-SO4,-116.6406,33.3845,4.339520697832091,0.277037989606778,15.954720964370734,22.94315528869629,16.988489622358518,2.063970804214477,55.34306716918945
Ameriflux,Slashpine-Austin Cary- 65yrs nat regen,US-SP1,-82.2188,29.7381,NA,NA,104.18956655504668,72.20954895019531,NA,68.87075805664064,NA
Ameriflux,"Slashpine-Mize-clearcut-3yr,regen",US-SP2,-82.2448,29.7648,NA,NA,75.88400752646888,36.93823831685592,NA,68.8707580566406,NA
Ameriflux,Slashpine-Donaldson-mid-rot- 12yrs,US-SP3,-82.1633,29.7548,NA,NA,71.57079479971176,41.00397795439543,NA,55.04549435501609,NA
Ameriflux,Slashpine-Rayonier-mid-rot- 12yrs,US-SP4,-82.2031,29.8028,NA,NA,69.49027647574866,34.22422409057617,NA,67.96352024164723,NA
Ameriflux,Santa Rita Creosote,US-SRC,-110.8395,31.9083,0,0,1.586097951791858,11.92995548248291,0.29531710842061576,1.5605182647705085,12.70553005610857
Ameriflux,Santa Rita Grassland,US-SRG,-110.8277,31.7894,0.4109296299993153,0,4.822739913698095,11.92995548248291,7.059808613477725,10.402503013610842,52.312870025634766
Ameriflux,Santa Rita Mesquite,US-SRM,-110.8661,31.8214,0.020900672692426795,0,2.618866666115962,11.92995548248291,7.357463713926585,10.402503013610847,19.859975814819336
Ameriflux,Suisun marsh - Rush Ranch,US-Srr,-122.0264,38.2006,0.08177769957130325,0.6895464200113286,1.8228403098153863,22.518062591552734,18.264509668232503,9.755227088928219,56.038628331155635
Ameriflux,Santa Rita Savanna,US-SRS,-110.8508,31.8173,0.0951971868892855,0,3.0446312812446736,11.92995548248291,8.301845652265758,10.402503013610842,19.859975814819336
Ameriflux,Susquehanna Shale Hills Critical Zone Observatory,US-SSH,-77.9041,40.6658,NA,NA,191.57502083615927,68.92650604248047,NA,95.92797088623044,NA
Ameriflux,Saratoga,US-Sta,-106.8024,41.3966,NA,0,2.219392896849928,10.253133773803711,NA,8.04616546630859,1.6490208323743722
Ameriflux,St Jones Reserve,US-StJ,-75.4372,39.0882,NA,NA,29.385004955693557,NA,NA,55.73483768214168,NA
Ameriflux,Strawberry Swamp,US-StS,-79.2492,33.3302,NA,NA,155.5235388244837,104.66316223144531,NA,31.388685226440433,NA
Ameriflux,Sylvania Wilderness Area,US-Syv,-89.3477,46.242,NA,NA,NA,139.1789948219678,NA,91.69925689697267,NA
Ameriflux,"St. John, WA On-farm site Zone 1",US-SZ1,-117.5306,47.1245,0.03748235782955901,NA,4.440153389544589,10.675437927246094,NA,2.571441650390626,10.731205940246582
Ameriflux,"St. John, WA On-farm site Zone 2",US-SZ2,-117.5271,47.1226,0.03747040395692706,NA,4.367091961431651,10.675437927246094,NA,2.5714416503906232,10.731205940246582
Ameriflux,"St. John, WA On-farm site Zone 3",US-SZ3,-117.5267,47.1261,0.03747118926190031,NA,4.740553636739575,10.675437927246092,NA,2.571441650390626,10.731205940246582
Ameriflux,Taylor Slough/Panhandle,US-TaS,-80.6391,25.1908,NA,NA,11.627535827251812,NA,NA,0,NA
Ameriflux,Tall Cypress Swamp,US-TCS,-81.1017,25.8221,NA,NA,57.14608032190116,13.887719154357912,NA,27.177791445102113,NA
Ameriflux,Tenderfoot Creek Experimental Forest,US-TEF,-110.8851,46.9522,54.35581426059161,NA,90.76238706998565,131.83155822753906,NA,74.97007751464842,98.9920883178711
Ameriflux,Thompson Farm Forest,US-TFF,-70.9523,43.1084,NA,NA,149.26171901536958,105.88687896728517,NA,86.76229095458986,NA
Ameriflux,Tonzi Ranch,US-Ton,-120.966,38.4309,3.812464819942007,24.23293047010968,28.628187963401622,23.775894165039062,25.41767126357603,10.820810317993166,27.805683135986328
Ameriflux,Trout Bog,US-TrB,-89.6862,46.0412,NA,NA,110.63851885753623,139.33177185058594,NA,85.33000946044919,NA
Ameriflux,Trout Lake Area South Sparkling Bog,US-TrS,-89.7053,46.0034,NA,NA,132.3058035410906,138.29439448220938,NA,77.80168999217258,NA
Ameriflux,Turner Ranch,US-Tur,-111.2286,45.5571,0.29583806163888254,NA,4.526523494312788,13.816399574279785,NA,0,56.54713439941406
Ameriflux,Twitchell Wetland West Pond,US-Tw1,-121.6469,38.1074,0.24156346716222668,0.036762382448224606,2.3301665917920222,12.504311561584473,10.456041687550437,0,21.65004749897554
Ameriflux,Twitchell Corn,US-Tw2,-121.6365,38.0969,0.08728091927229463,0,2.196608647400117,12.50431156158447,2.851874795535191,0,12.234742679435099
Ameriflux,Twitchell Alfalfa,US-Tw3,-121.6469,38.1152,0.3104335530183163,1.3203254020305443e-4,2.2385318140812984,12.504311561584473,5.895150078294634,0,22.295940399169922
Ameriflux,Twitchell East End Wetland,US-Tw4,-121.6413,38.1027,0.30796715397980706,0.012494201722318193,2.3760965425504357,12.504311561584474,8.579669100735941,0,17.886240351999493
Ameriflux,East Pond Wetland,US-Tw5,-121.6426,38.1072,0.24573811351797759,0.01738671801745864,2.3718252477700603,12.504311561584474,9.0794290473955,0,21.532049407305152
Ameriflux,Twitchell Island,US-Twt,-121.6531,38.1087,0.21997432471484635,0.03762864615153156,2.2863517480608766,12.504311561584473,14.143603981892266,0,22.224911195328538
Ameriflux,Stiles Farm Prairie,US-Tx1,-97.2938,30.6176,NA,NA,3.5224787561538258,25.21706199645996,NA,1.7048722505569447,NA
Ameriflux,Riesel Farm Native Prairie,US-Tx2,-96.8827,31.4802,NA,NA,5.429304266175103,28.223896026611328,NA,2.790081262588499,NA
Ameriflux,Riesel Farm Aspirational Agriculture,US-Tx3,-96.8883,31.4777,NA,NA,4.888565588425626,28.223896026611328,NA,2.790081262588501,NA
Ameriflux,Riesel Farm Traditional Agriculture,US-Tx4,-96.8865,31.4693,NA,NA,4.613528002453664,28.223896026611325,NA,2.7900812625885,NA
Ameriflux,Texas A&M University Farm,US-Tx5,-96.4252,30.5328,NA,NA,7.308890331283507,37.70658493041992,NA,9.223347663879395,NA
Ameriflux,La Copita Grassland - Savanna,US-Tx6,-98.2089,27.6666,NA,NA,3.3486626007321436,21.55224609375,NA,5.876376152038578,NA
Ameriflux,La Copita Shrubland - Savanna,US-Tx7,-98.2007,27.665,NA,NA,3.4403586288435966,21.55224609375,NA,5.8763761520385716,NA
Ameriflux,Danciger Lowland Hardwood Forest,US-Tx8,-95.829,29.1659,NA,NA,NA,20.500194549560547,NA,7.697099685668946,NA
Ameriflux,Sargent Unit Salt Marsh,US-Tx9,-95.6144,28.7805,NA,NA,14.137547492980957,13.684517860412598,NA,NA,NA
Ameriflux,LTAR UCB (Upper Chesapeake Bay) EC1,US-UC1,-78.0056,40.7536,NA,NA,141.9459652266713,83.97823504344689,NA,86.78526306152342,NA
Ameriflux,LTAR UCB (Upper Chesapeake Bay) EC2,US-UC2,-77.9998,40.7559,NA,NA,141.93900840572775,82.42852411957749,NA,86.78526306152351,NA
Ameriflux,East River Riparian,US-UG1,-106.9524,38.923,1.3863280929554158,11.970917581861347,34.48509775562007,14.691249847412108,NA,75.42276000976561,65.85589599609375
Ameriflux,University of Illinois Switchgrass,US-UiA,-88.1961,40.0646,NA,NA,4.7922059538670165,10.739485740661621,NA,0,NA
Ameriflux,University of Illinois Miscanthus,US-UiB,-88.1984,40.0628,NA,NA,4.454961877905261,10.739485740661621,NA,0,NA
Ameriflux,University of Illinois Maize-Soy,US-UiC,-88.1961,40.0628,NA,NA,4.170613930445622,10.739485740661621,NA,0,NA
Ameriflux,University of Illinois Restored Native Prairie,US-UiD,-88.1985,40.0646,NA,NA,5.209438656127979,10.739485740661621,NA,0,NA
Ameriflux,University of Illinois Sorghum-Soy,US-UiE,-88.2033,40.0629,NA,NA,4.980912562807282,10.739485740661621,NA,0,NA
Ameriflux,University of Illinois Miscanthus 2,US-UiF,-88.2015,40.0665,NA,NA,6.501338344844509,10.739485740661621,NA,0,NA
Ameriflux,University of Illinois Maize-Soy 2,US-UiG,-88.2009,40.0629,NA,NA,4.796803524692076,10.739485740661621,NA,0,NA
Ameriflux,ULM Flux Tower,US-ULM,-91.9743,32.457,NA,NA,170.6033921711271,48.969112396240234,NA,59.30747102324597,NA
Ameriflux,Douglas Lake,US-UM3,-84.6707,45.568600000000004,NA,NA,183.5605941475524,84.12987518310547,NA,60.42409688008733,NA
Ameriflux,Univ. of Mich. Biological Station,US-UMB,-84.7138,45.5598,NA,NA,191.6470164310348,84.12987518310547,NA,62.01295471191408,NA
Ameriflux,UMBS Disturbance,US-UMd,-84.6975,45.5625,NA,NA,180.8357712309218,84.12987518310547,NA,62.01295471191406,NA
Ameriflux,UFLUX Bonneville Salt Flats,US-UTB,-113.8299,40.7848,0,0,0,8.428143501281738,NA,0,0
Ameriflux,UFLUX Dugout Ranch,US-UTD,-109.5952,38.1038,1.9802668069618705,0.2057947808382982,5.275887481930511,9.397926330566406,5.611305265612255,8.661753654479984,12.882374200036269
Ameriflux,UFLUX Matheson,US-UTM,-109.5775,38.5879,2.160889984801062,0.01276541979284454,14.565660783159322,8.444945335388184,36.60075935099969,7.443256378173829,6.550468444824219
Ameriflux,UFLUX Nephi,US-UTN,-111.8814,39.6896,0.0023563200074562056,0,1.4173146866453086,10.734203338623047,NA,6.694870471954343,36.48202896118164
Ameriflux,UFLUX Desert View,US-UTV,-109.9546,40.1266,NA,0.23067883332414676,1.240695341038951,8.868215560913086,NA,0,2.3505659103393555
Ameriflux,UFLUX Wellington,US-UTW,-110.7288,39.4453,0,0,1.5152438783710513,9.233955383300781,NA,0.428724467754364,5.571077346801758
Ameriflux,Vaira Ranch- Ione,US-Var,-120.9508,38.4133,2.459255831669929,13.248784919917098,27.050958562124134,23.775894165039062,22.98339269880005,10.820810317993166,27.805683135986328
Ameriflux,Valles Caldera Mixed Conifer,US-Vcm,-106.5321,35.8884,23.67657972325585,45.639873479663855,28.75657602812399,36.00841522216797,NA,56.000885009765625,92.83678436279297
Ameriflux,Valles Caldera Ponderosa Pine,US-Vcp,-106.5967,35.8642,66.68810604445416,57.95667562918288,68.94289878237608,36.00841522216797,NA,100.52260589599615,92.52532920029121
Ameriflux,Valles Caldera Sulphur Springs Mixed Conifer,US-Vcs,-106.6142,35.9193,104.97121051407144,86.11161609777,101.45401195561656,36.00841522216797,NA,100.5226058959961,154.8845672607422
Ameriflux,Virginia Coast Reserve Fowling Point,US-VFP,-75.8333,37.4111,NA,NA,0.404300920503527,NA,NA,0.34393907377394595,NA
Ameriflux,Walker Branch Watershed,US-WBW,-84.2874,35.9588,NA,NA,166.23462171330448,91.84534454345703,NA,120.57734680175788,NA
Ameriflux,Willow Creek,US-WCr,-90.0799,45.8059,NA,NA,175.39139473063693,132.4522705078125,NA,64.18560791015624,NA
Ameriflux,Walden,US-Wdn,-106.2618,40.7838,NA,0,1.6726460716173093,11.585564403310618,NA,9.677491188049313,14.838720321655273
Ameriflux,West Edge Parking Lot,US-WEP,-70.9543,43.1421,NA,NA,119.39047414590657,105.88687896728516,NA,86.7622909545898,NA
Ameriflux,Willamette Grass,US-Wgr,-122.656,45.1129,31.398587744856684,NA,36.586158034836174,69.7401351928711,NA,71.78642654898744,46.92523956298828
Ameriflux,Walnut Gulch Lucky Hills Shrub,US-Whs,-110.0522,31.7438,0,0,2.1809198677420407,15.747584599970883,0.6327049123358076,7.984411754121435,10.375687599182129
Ameriflux,Young red pine (YRP),US-Wi0,-91.0814,46.6188,NA,NA,88.85696148963612,117.52467346191406,NA,72.88722991943355,NA
Ameriflux,Intermediate hardwood (IHW),US-Wi1,-91.2329,46.7305,NA,NA,143.37090740741027,117.52467346191406,NA,70.95999908447267,NA
Ameriflux,Intermediate red pine (IRP),US-Wi2,-91.1528,46.6869,NA,NA,89.30663117143943,117.52467346191406,NA,70.95999908447264,NA
Ameriflux,Mature hardwood (MHW),US-Wi3,-91.0987,46.6347,NA,NA,130.13097295572072,117.52467346191406,NA,72.73499965048227,NA
Ameriflux,Mature red pine (MRP),US-Wi4,-91.1663,46.7393,NA,NA,113.26434003663135,117.52467346191406,NA,70.95999908447267,NA
Ameriflux,Mixed young jack pine (MYJP),US-Wi5,-91.0858,46.6531,NA,NA,129.87428508743125,117.52467346191406,NA,70.95999908447261,NA
Ameriflux,Pine barrens #1 (PB1),US-Wi6,-91.2982,46.6249,NA,NA,37.24622901328193,114.072998046875,NA,60.03877001966665,NA
Ameriflux,Red pine clearcut (RPCC),US-Wi7,-91.0693,46.6491,NA,NA,58.366550266081575,117.52467346191405,NA,70.95999908447268,NA
Ameriflux,Young hardwood clearcut (YHW),US-Wi8,-91.2524,46.7223,NA,NA,170.93641205639378,115.40106849640941,NA,65.25382917232514,NA
Ameriflux,Young Jack pine (YJP),US-Wi9,-91.0746,46.7385,NA,NA,78.36881466223217,117.52467346191406,NA,70.95999908447264,NA
Ameriflux,Willard Juniper Savannah,US-Wjs,-105.8615,34.4255,0,0.0019456923003031657,2.3201808770982795,8.798129081726074,NA,11.577199935913093,1.2779356241226196
Ameriflux,Walnut Gulch Kendall Grasslands,US-Wkg,-109.9419,31.7365,0,0,3.677111413214175,13.939786911010742,1.0760369083246653,1.9081659317016608,16.66621208190918
Ameriflux,Walnut River Watershed (Smileyburg),US-Wlr,-96.855,37.5208,NA,NA,3.4527386250392147,10.688872337341309,NA,4.680122375488281,NA
Ameriflux,Willamette Poplar,US-Wpp,-123.1824,44.1369,20.32968078068097,NA,29.24682491536299,56.86534881591797,NA,0.5750963687896729,42.2553596496582
Ameriflux,Winous Point North Marsh,US-WPT,-82.9962,41.4646,NA,NA,4.188828570388786,26.101268241685293,NA,20.2598819732666,NA
Ameriflux,Wind River Crane Site,US-Wrc,-121.9519,45.8205,244.4151453947082,NA,357.7268679625378,194.78326416015625,NA,320.5951232910158,819.68206787109375
Ameriflux,"Kress, TX no-till cotton and grain sorghum production",US-WT1,-101.8154,34.3674,0.001656896067071915,0,1.6808214035232976,8.752178192138672,NA,0,9.462017059326172
Ameriflux,Willamette Wheat,US-Wwt,-122.6664,45.1089,16.530316209247236,NA,37.92786389152858,69.7401351928711,NA,45.12048436044359,47.211685622172
Ameriflux,NEON Abby Road (ABBY),US-xAB,-122.3303,45.7624,284.2794466727312,NA,178.5199167090391,47.371910095214844,NA,214.56179809570307,572.98883056640625
Ameriflux,NEON Klemme Range Research Station (OAES),US-xAE,-99.0588,35.4106,NA,NA,2.263233771391901,9.835050582885742,NA,2.545603275299073,NA
Ameriflux,NEON Blandy Experimental Farm (BLAN),US-xBL,-78.0716,39.0603,NA,NA,66.68065581707896,107.01557922363281,NA,48.377502441406264,NA
Ameriflux,NEON Bartlett Experimental Forest (BART),US-xBR,-71.2873,44.0639,NA,NA,183.45246562918604,97.69615173339844,NA,151.97697448730466,NA
Ameriflux,NEON LBJ National Grassland (CLBJ),US-xCL,-97.57,33.4012,NA,NA,17.876589839317745,11.764260292053223,NA,3.6895515918731685,NA
Ameriflux,NEON Central Plains Experimental Range (CPER),US-xCP,-104.7456,40.8155,NA,0,1.2686662626227194,9.621663533083264,NA,0,0
Ameriflux,NEON Dakota Coteau Field School (DCFS),US-xDC,-99.1066,47.1617,NA,NA,2.246997531647608,9.725722312927246,NA,0,NA
Ameriflux,NEON Dead Lake (DELA),US-xDL,-87.8039,32.5417,NA,NA,150.64877584273574,60.034114837646484,NA,95.63168387478215,NA
Ameriflux,NEON Disney Wilderness Preserve (DSNY),US-xDS,-81.4362,28.125,NA,NA,36.27477227360741,16.484647750854492,NA,34.68967437744141,NA
Ameriflux,"NEON Great Smoky Mountains National Park, Twin Creeks (GRSM)",US-xGR,-83.5019,35.689,NA,NA,221.78498822763174,90.54581210088823,NA,193.2015686035156,NA
Ameriflux,NEON Harvard Forest (HARV),US-xHA,-72.1727,42.5369,NA,NA,164.04487809504403,37.92121124267578,NA,114.92280578613283,NA
Ameriflux,NEON Jones Ecological Research Center (JERC),US-xJE,-84.4686,31.1948,NA,NA,77.41794736436367,31.63711929321289,NA,42.62213317031642,NA
Ameriflux,NEON Jornada LTER (JORN),US-xJR,-106.8425,32.5907,0,0,1.4716494034432437,8.355450630187988,NA,0.6454256772994998,1.755971074104309
Ameriflux,NEON Konza Prairie Biological Station - Relocatable (KONA),US-xKA,-96.6129,39.1104,NA,NA,24.642941977745682,10.838811874389648,NA,12.33336830139161,NA
Ameriflux,NEON Konza Prairie Biological Station (KONZ),US-xKZ,-96.5631,39.1008,NA,NA,7.487562571677685,10.838811874389648,NA,10.135107040405277,NA
Ameriflux,NEON Lenoir Landing (LENO),US-xLE,-88.1612,31.8539,NA,NA,132.8065337625922,82.32047271728516,NA,94.13296508789067,NA
Ameriflux,NEON Moab (MOAB),US-xMB,-109.3883,38.2483,0,0.013927065444353305,3.8919998225305976,9.785598164828022,0.5797415762023052,8.942613472115436,9.837015151977539
Ameriflux,NEON Mountain Lake Biological Station (MLBS),US-xML,-80.5248,37.3783,NA,NA,177.50176545689064,154.71128845214844,NA,108.7692565917969,NA
Ameriflux,NEON Northern Great Plains Research Laboratory (NOGP),US-xNG,-100.9154,46.7697,NA,NA,3.5167091649026228,11.011151313781737,NA,7.157633781433104,4.727197170257568
Ameriflux,NEON Onaqui-Ault (ONAQ),US-xNQ,-112.4524,40.1776,0,0,1.5951980565891408,9.84560489654541,NA,7.784394264221195,8.735177040100098
Ameriflux,NEON Niwot Ridge Mountain Research Station (NIWO),US-xNW,-105.5824,40.0543,NA,7.241565985087248,18.34933088006389,76.3296890258789,NA,76.99402618408205,108.78213500976562
Ameriflux,"NEON Rocky Mountain National Park, CASTNET (RMNP)",US-xRM,-105.5459,40.2759,NA,49.571585018609866,48.10970143159857,90.80390167236328,NA,72.52030225456132,118.8213653564453
Ameriflux,NEON Oak Ridge National Lab (ORNL),US-xRN,-84.2826,35.9641,NA,NA,162.47914239632303,91.84534454345703,NA,115.72899418638752,NA
Ameriflux,NEON Ordway-Swisher Biological Station (OSBS),US-xSB,-81.9934,29.6893,NA,NA,63.37133551054938,69.88598122965993,NA,42.73400115966797,NA
Ameriflux,NEON Smithsonian Conservation Biology Institute (SCBI),US-xSC,-78.1395,38.8929,NA,NA,334.2797546386719,115.21283721923828,NA,106.78276824951166,NA
Ameriflux,NEON Smithsonian Environmental Research Center (SERC),US-xSE,-76.56,38.8901,NA,NA,231.63613318121975,79.2204360961914,NA,48.51678466796878,NA
Ameriflux,NEON San Joaquin Experimental Range (SJER),US-xSJ,-119.7323,37.1088,1.6210939759021086,12.907310043909566,28.622811550326755,27.249465942382812,28.98208697348368,6.71970273098568,66.30735231064277
Ameriflux,"NEON North Sterling, CO (STER)",US-xSL,-103.0293,40.4619,NA,0.018929504841120933,1.326029471428241,9.97773551940918,NA,0,0.20274819433689117
Ameriflux,NEON Soaproot Saddle (SOAP),US-xSP,-119.26220000000001,37.0334,174.76299914714377,184.8821314552496,58.33015740046448,39.378570556640625,171.01991500633542,178.0166015624999,301.6092834472656
Ameriflux,NEON Santa Rita Experimental Range (SRER),US-xSR,-110.8355,31.9107,0,0,1.5765497912406696,11.92995548248291,0.1785277709792045,1.5605182647705076,12.60093879699707
Ameriflux,NEON Steigerwaldt Land Services (STEI),US-xST,-89.5864,45.5089,NA,NA,105.8578475584182,128.05265243125086,NA,44.22495651245114,NA
Ameriflux,NEON Talladega National Forest (TALL),US-xTA,-87.3933,32.9505,NA,NA,228.29311635712145,85.784576416015625,NA,125.90326690673822,NA
Ameriflux,NEON Lower Teakettle (TEAK),US-xTE,-119.006,37.0058,141.22512272759067,226.94320729486216,113.17175863870412,40.415094092375234,248.40452603431623,176.30723571777352,176.82067625808833
Ameriflux,NEON Treehaven (TREE),US-xTR,-89.5857,45.4937,NA,NA,111.1408607767613,51.77639851138626,NA,44.22495651245117,NA
Ameriflux,NEON The University of Kansas Field Station (UKFS),US-xUK,-95.1921,39.0404,NA,NA,88.28698416884805,27.528268814086914,NA,29.088547144142005,NA
Ameriflux,NEON University of Notre Dame Environmental Research Center (UNDE),US-xUN,-89.5373,46.2339,NA,NA,155.03529197480623,139.33177185058594,NA,91.69925689697263,NA
Ameriflux,NEON Woodworth (WOOD),US-xWD,-99.2414,47.1282,NA,NA,4.1502127997597444,9.71989962380559,NA,0,NA
Ameriflux,NEON Wind River Experimental Forest (WREF),US-xWR,-121.9519,45.8205,244.4151453947082,NA,357.7268679625378,194.78326416015625,NA,320.5951232910158,819.68206787109375
Ameriflux,NEON Yellowstone Northern Range (Frog Rock) (YELL),US-xYE,-110.5391,44.9535,7.98614327237332,NA,37.20772446113383,59.85466003417969,NA,36.563770294189446,79.86768341064453
Ameriflux,Yellow Cab urban,US-Ylw,-95.3536,29.7894,NA,NA,7.105864017673357,20.67003631591797,NA,8.727328300476072,NA
